source_key,filing_id,source_pdf,source_year,parser_status,transaction_rows,pages_with_words,pages_with_geometry,table_pages,recovered_pages,suspected_missed_pages,geometry_error,processed_at
2021/20011417.pdf,20011417,20011417.pdf,2021,geometry_v8,153,15,15,15,,,,2026-08-25T19:30:02
2021/20016924.pdf,20016924,20016924.pdf,2021,geometry_v8,1,1,1,1,,,,2026-08-25T19:30:02
2021/20017063.pdf,20017063,20017063.pdf,2021,geometry_v8,5,2,2,2,,,,2026-08-25T19:30:02
2021/20017743.pdf,20017743,20017743.pdf,2021,geometry_v8,5,2,1,1,,,,2026-08-25T19:30:03
2021/20017867.pdf,20017867,20017867.pdf,2021,geometry_v8,15,3,3,3,,,,2026-08-25T19:30:04
2021/20017909.pdf,20017909,20017909.pdf,2021,geometry_v8,21,4,3,4,,,,2026-08-25T19:30:05
2021/20017921.pdf,20017921,20017921.pdf,2021,geometry_v8,1,1,1,1,,,,2026-08-25T19:30:06
2021/20017957.pdf,20017957,20017957.pdf,2021,geometry_v8,2,1,1,1,,,,2026-08-25T19:30:07
2021/20017962.pdf,20017962,20017962.pdf,2021,geometry_v8,5,2,1,1,,,,2026-08-25T19:30:07
2021/20017966.pdf,20017966,20017966.pdf,2021,geometry_v8,1,1,1,1,,,,2026-08-25T19:30:07
2021/20017967.pdf,20017967,20017967.pdf,2021,geometry_v8,9,2,2,2,,,,2026-08-25T19:30:07
2021/20017973.pdf,20017973,20017973.pdf,2021,geometry_v8,23,4,3,3,,,,2026-08-25T19:30:08
2021/20017977.pdf,20017977,20017977.pdf,2021,geometry_v8,4,2,1,1,,,,2026-08-25T19:30:08
2021/20017979.pdf,20017979,20017979.pdf,2021,geometry_v8,3,1,1,1,,,,2026-08-25T19:30:09
2021/20017980.pdf,20017980,20017980.pdf,2021,geometry_v8,57,7,7,7,,,,2026-08-25T19:30:11
2021/20017983.pdf,20017983,20017983.pdf,2021,geometry_v8,2,1,1,1,,,,2026-08-25T19:30:11
2021/20017991.pdf,20017991,20017991.pdf,2021,geometry_v8,41,5,5,5,,,,2026-08-25T19:30:12
2021/20017992.pdf,20017992,20017992.pdf,2021,geometry_v8,60,8,7,7,,,,2026-08-25T19:30:15
2021/20017994.pdf,20017994,20017994.pdf,2021,geometry_v8,3,1,1,1,,,,2026-08-25T19:30:15
2021/20017999.pdf,20017999,20017999.pdf,2021,geometry_v8,2,1,1,1,,,,2026-08-25T19:30:15
2021/20018000.pdf,20018000,20018000.pdf,2021,geometry_v8,5,2,1,1,,,,2026-08-25T19:30:15
2021/20018001.pdf,20018001,20018001.pdf,2021,geometry_v8,6,2,2,2,,,,2026-08-25T19:30:15
2021/20018005.pdf,20018005,20018005.pdf,2021,geometry_v8,1,1,1,1,,,,2026-08-25T19:30:15
2021/20018007.pdf,20018007,20018007.pdf,2021,geometry_v8,4,2,1,1,,,,2026-08-25T19:30:16
2021/20018011.pdf,20018011,20018011.pdf,2021,geometry_v8,4,2,1,1,,,,2026-08-25T19:30:16
2021/20018018.pdf,20018018,20018018.pdf,2021,geometry_v8,1,1,1,1,,,,2026-08-25T19:30:16
2021/20018021.pdf,20018021,20018021.pdf,2021,geometry_v8,1,1,1,1,,,,2026-08-25T19:30:16
2021/20018028.pdf,20018028,20018028.pdf,2021,geometry_v8,1,1,1,1,,,,2026-08-25T19:30:16
2021/20018029.pdf,20018029,20018029.pdf,2021,geometry_v8,4,2,1,1,,,,2026-08-25T19:30:16
2021/20018035.pdf,20018035,20018035.pdf,2021,geometry_v8,2,1,1,1,,,,2026-08-25T19:30:16
2021/20018037.pdf,20018037,20018037.pdf,2021,geometry_v8,3,2,1,1,,,,2026-08-25T19:30:17
2021/20018041.pdf,20018041,20018041.pdf,2021,geometry_v8,2,1,1,1,,,,2026-08-25T19:30:17
2021/20018050.pdf,20018050,20018050.pdf,2021,geometry_v8,7,2,2,2,,,,2026-08-25T19:30:17
2021/20018052.pdf,20018052,20018052.pdf,2021,geometry_v8,8,2,2,2,,,,2026-08-25T19:30:17
2021/20018064.pdf,20018064,20018064.pdf,2021,geometry_v8,13,3,3,3,,,,2026-08-25T19:30:18
2021/20018065.pdf,20018065,20018065.pdf,2021,geometry_v8,67,10,10,10,6,,,2026-08-25T19:30:22
2021/20018072.pdf,20018072,20018072.pdf,2021,geometry_v8,4,2,1,1,,,,2026-08-25T19:30:23
2021/20018077.pdf,20018077,20018077.pdf,2021,geometry_v8,6,2,1,1,,,,2026-08-25T19:30:23
2021/20018081.pdf,20018081,20018081.pdf,2021,geometry_v8,5,2,1,1,,,,2026-08-25T19:30:23
2021/20018082.pdf,20018082,20018082.pdf,2021,geometry_v8,3,2,1,1,,,,2026-08-25T19:30:23
2021/20018083.pdf,20018083,20018083.pdf,2021,geometry_v8,3,2,1,1,,,,2026-08-25T19:30:23
2021/20018084.pdf,20018084,20018084.pdf,2021,geometry_v8,3,2,1,1,,,,2026-08-25T19:30:24
2021/20018091.pdf,20018091,20018091.pdf,2021,geometry_v8,3,1,1,1,,,,2026-08-25T19:30:24
2021/20018096.pdf,20018096,20018096.pdf,2021,geometry_v8,24,4,4,4,,,,2026-08-25T19:30:25
2021/20018108.pdf,20018108,20018108.pdf,2021,geometry_v8,2,1,1,1,,,,2026-08-25T19:30:25
2021/20018112.pdf,20018112,20018112.pdf,2021,geometry_v8,1,1,1,1,,,,2026-08-25T19:30:25
2021/20018114.pdf,20018114,20018114.pdf,2021,geometry_v8,17,3,3,3,,,,2026-08-25T19:30:25
2021/20018115.pdf,20018115,20018115.pdf,2021,geometry_v8,4,1,1,1,,,,2026-08-25T19:30:26
2021/20018123.pdf,20018123,20018123.pdf,2021,geometry_v8,5,2,1,1,,,,2026-08-25T19:30:26
2021/20018124.pdf,20018124,20018124.pdf,2021,geometry_v8,4,2,1,1,,,,2026-08-25T19:30:26
2021/20018126.pdf,20018126,20018126.pdf,2021,geometry_v8,1,1,1,1,,,,2026-08-25T19:30:26
2021/20018127.pdf,20018127,20018127.pdf,2021,geometry_v8,3,2,1,1,,,,2026-08-25T19:30:26
2021/20018128.pdf,20018128,20018128.pdf,2021,geometry_v8,9,2,2,2,,,,2026-08-25T19:30:27
2021/20018129.pdf,20018129,20018129.pdf,2021,geometry_v8,1,1,1,1,,,,2026-08-25T19:30:27
2021/20018130.pdf,20018130,20018130.pdf,2021,geometry_v8,1,1,1,1,,,,2026-08-25T19:30:27
2021/20018131.pdf,20018131,20018131.pdf,2021,geometry_v8,7,2,2,2,,,,2026-08-25T19:30:27
2021/20018132.pdf,20018132,20018132.pdf,2021,geometry_v8,5,2,1,1,,,,2026-08-25T19:30:27
2021/20018138.pdf,20018138,20018138.pdf,2021,geometry_v8,37,5,5,5,,,,2026-08-25T19:30:29
2021/20018140.pdf,20018140,20018140.pdf,2021,geometry_v8,3,1,1,1,,,,2026-08-25T19:30:29
2021/20018142.pdf,20018142,20018142.pdf,2021,geometry_v8,8,2,2,2,,,,2026-08-25T19:30:29
2021/20018152.pdf,20018152,20018152.pdf,2021,geometry_v8,1,1,1,1,,,,2026-08-25T19:30:29
2021/20018153.pdf,20018153,20018153.pdf,2021,geometry_v8,2,1,1,1,,,,2026-08-25T19:30:30
2021/20018154.pdf,20018154,20018154.pdf,2021,geometry_v8,2,1,1,1,,,,2026-08-25T19:30:30
2021/20018155.pdf,20018155,20018155.pdf,2021,geometry_v8,5,2,1,1,,,,2026-08-25T19:30:30
2021/20018160.pdf,20018160,20018160.pdf,2021,geometry_v8,11,2,2,2,,,,2026-08-25T19:30:30
2021/20018163.pdf,20018163,20018163.pdf,2021,geometry_v8,1,1,1,1,,,,2026-08-25T19:30:30
2021/20018168.pdf,20018168,20018168.pdf,2021,geometry_v8,50,7,6,6,,,,2026-08-25T19:30:33
2021/20018175.pdf,20018175,20018175.pdf,2021,geometry_v8,28,4,4,4,,,,2026-08-25T19:30:35
2021/20018180.pdf,20018180,20018180.pdf,2021,geometry_v8,3,1,1,1,,,,2026-08-25T19:30:35
2021/20018181.pdf,20018181,20018181.pdf,2021,geometry_v8,3,2,1,1,,,,2026-08-25T19:30:35
2021/20018185.pdf,20018185,20018185.pdf,2021,geometry_v8,2,1,1,1,,,,2026-08-25T19:30:36
2021/20018186.pdf,20018186,20018186.pdf,2021,geometry_v8,2,1,1,1,,,,2026-08-25T19:30:36
2021/20018187.pdf,20018187,20018187.pdf,2021,geometry_v8,2,1,1,1,,,,2026-08-25T19:30:36
2021/20018188.pdf,20018188,20018188.pdf,2021,geometry_v8,67,9,8,8,,,,2026-08-25T19:30:39
2021/20018190.pdf,20018190,20018190.pdf,2021,geometry_v8,60,8,8,8,,,,2026-08-25T19:30:41
2021/20018193.pdf,20018193,20018193.pdf,2021,geometry_v8,2,1,1,1,,,,2026-08-25T19:30:41
2021/20018204.pdf,20018204,20018204.pdf,2021,geometry_v8,1,1,1,1,,,,2026-08-25T19:30:41
2021/20018205.pdf,20018205,20018205.pdf,2021,geometry_v8,32,5,4,4,,,,2026-08-25T19:30:42
2021/20018208.pdf,20018208,20018208.pdf,2021,geometry_v8,3,2,1,1,,,,2026-08-25T19:30:42
2021/20018223.pdf,20018223,20018223.pdf,2021,geometry_v8,3,1,1,1,,,,2026-08-25T19:30:42
2021/20018224.pdf,20018224,20018224.pdf,2021,geometry_v8,5,2,1,1,,,,2026-08-25T19:30:43
2021/20018232.pdf,20018232,20018232.pdf,2021,geometry_v8,3,2,1,1,,,,2026-08-25T19:30:43
2021/20018237.pdf,20018237,20018237.pdf,2021,geometry_v8,2,1,1,1,,,,2026-08-25T19:30:43
2021/20018238.pdf,20018238,20018238.pdf,2021,geometry_v8,1,1,1,1,,,,2026-08-25T19:30:43
2021/20018243.pdf,20018243,20018243.pdf,2021,geometry_v8,31,4,4,4,,,,2026-08-25T19:30:44
2021/20018244.pdf,20018244,20018244.pdf,2021,geometry_v8,11,2,2,2,,,,2026-08-25T19:30:45
2021/20018253.pdf,20018253,20018253.pdf,2021,geometry_v8,1,1,1,1,,,,2026-08-25T19:30:45
2021/20018254.pdf,20018254,20018254.pdf,2021,geometry_v8,2,1,1,1,,,,2026-08-25T19:30:45
2021/20018256.pdf,20018256,20018256.pdf,2021,geometry_v8,2,1,1,1,,,,2026-08-25T19:30:45
2021/20018259.pdf,20018259,20018259.pdf,2021,geometry_v8,1,1,1,1,,,,2026-08-25T19:30:45
2021/20018273.pdf,20018273,20018273.pdf,2021,geometry_v8,3,2,1,1,,,,2026-08-25T19:30:45
2021/20018280.pdf,20018280,20018280.pdf,2021,geometry_v8,1,1,1,1,,,,2026-08-25T19:30:45
2021/20018292.pdf,20018292,20018292.pdf,2021,geometry_v8,20,4,3,3,,,,2026-08-25T19:30:46
2021/20018300.pdf,20018300,20018300.pdf,2021,geometry_v8,8,2,2,2,,,,2026-08-25T19:30:47
2021/20018303.pdf,20018303,20018303.pdf,2021,geometry_v8,4,1,1,1,,,,2026-08-25T19:30:47
2021/20018306.pdf,20018306,20018306.pdf,2021,geometry_v8,13,2,2,2,,,,2026-08-25T19:30:48
2021/20018307.pdf,20018307,20018307.pdf,2021,geometry_v8,12,3,2,2,,,,2026-08-25T19:30:48
2021/20018308.pdf,20018308,20018308.pdf,2021,geometry_v8,7,2,2,2,,,,2026-08-25T19:30:49
2021/20018311.pdf,20018311,20018311.pdf,2021,geometry_v8,202,23,23,23,,,,2026-08-25T19:30:57
2021/20018321.pdf,20018321,20018321.pdf,2021,geometry_v8,5,2,1,1,,,,2026-08-25T19:30:58
2021/20018325.pdf,20018325,20018325.pdf,2021,geometry_v8,2,1,1,1,,,,2026-08-25T19:30:58
2021/20018329.pdf,20018329,20018329.pdf,2021,geometry_v8,58,7,7,7,,,,2026-08-25T19:31:00
2021/20018333.pdf,20018333,20018333.pdf,2021,geometry_v8,59,8,7,7,,,,2026-08-25T19:31:03
2021/20018334.pdf,20018334,20018334.pdf,2021,geometry_v8,2,1,1,1,,,,2026-08-25T19:31:04
2021/20018335.pdf,20018335,20018335.pdf,2021,geometry_v8,2,1,1,1,,,,2026-08-25T19:31:04
2021/20018336.pdf,20018336,20018336.pdf,2021,geometry_v8,3,2,1,1,,,,2026-08-25T19:31:04
2021/20018338.pdf,20018338,20018338.pdf,2021,geometry_v8,1,1,1,1,,,,2026-08-25T19:31:04
2021/20018344.pdf,20018344,20018344.pdf,2021,geometry_v8,11,2,2,2,,,,2026-08-25T19:31:05
2021/20018346.pdf,20018346,20018346.pdf,2021,geometry_v8,20,3,3,3,,,,2026-08-25T19:31:06
2021/20018349.pdf,20018349,20018349.pdf,2021,geometry_v8,1,1,1,1,,,,2026-08-25T19:31:06
2021/20018350.pdf,20018350,20018350.pdf,2021,geometry_v8,14,3,2,2,,,,2026-08-25T19:31:07
2021/20018352.pdf,20018352,20018352.pdf,2021,geometry_v8,5,2,1,1,,,,2026-08-25T19:31:07
2021/20018354.pdf,20018354,20018354.pdf,2021,geometry_v8,10,2,2,2,,,,2026-08-25T19:31:08
2021/20018355.pdf,20018355,20018355.pdf,2021,geometry_v8,2,1,1,1,,,,2026-08-25T19:31:08
2021/20018359.pdf,20018359,20018359.pdf,2021,geometry_v8,9,2,2,2,,,,2026-08-25T19:31:08
2021/20018361.pdf,20018361,20018361.pdf,2021,geometry_v8,2,2,1,1,,,,2026-08-25T19:31:08
2021/20018369.pdf,20018369,20018369.pdf,2021,geometry_v8,2,1,1,1,,,,2026-08-25T19:31:08
2021/20018373.pdf,20018373,20018373.pdf,2021,geometry_v8,11,2,2,2,,,,2026-08-25T19:31:09
2021/20018383.pdf,20018383,20018383.pdf,2021,geometry_v8,1,1,1,1,,,,2026-08-25T19:31:09
2021/20018385.pdf,20018385,20018385.pdf,2021,geometry_v8,67,8,8,8,,,,2026-08-25T19:31:11
2021/20018392.pdf,20018392,20018392.pdf,2021,geometry_v8,1,1,1,1,,,,2026-08-25T19:31:11
2021/20018393.pdf,20018393,20018393.pdf,2021,geometry_v8,10,2,2,2,,,,2026-08-25T19:31:12
2021/20018400.pdf,20018400,20018400.pdf,2021,geometry_v8,4,2,1,1,,,,2026-08-25T19:31:12
2021/20018412.pdf,20018412,20018412.pdf,2021,geometry_v8,5,2,1,1,,,,2026-08-25T19:31:12
2021/20018413.pdf,20018413,20018413.pdf,2021,geometry_v8,2,1,1,1,,,,2026-08-25T19:31:12
2021/20018414.pdf,20018414,20018414.pdf,2021,geometry_v8,2,1,1,1,,,,2026-08-25T19:31:12
2021/20018420.pdf,20018420,20018420.pdf,2021,geometry_v8,21,3,3,3,,,,2026-08-25T19:31:13
2021/20018421.pdf,20018421,20018421.pdf,2021,geometry_v8,2,1,1,1,,,,2026-08-25T19:31:13
2021/20018427.pdf,20018427,20018427.pdf,2021,geometry_v8,1,1,1,1,,,,2026-08-25T19:31:13
2021/20018431.pdf,20018431,20018431.pdf,2021,geometry_v8,28,5,4,4,,,,2026-08-25T19:31:15
2021/20018447.pdf,20018447,20018447.pdf,2021,geometry_v8,2,1,1,1,,,,2026-08-25T19:31:15
2021/20018448.pdf,20018448,20018448.pdf,2021,geometry_v8,1,1,1,1,,,,2026-08-25T19:31:15
2021/20018449.pdf,20018449,20018449.pdf,2021,geometry_v8,1,1,1,1,,,,2026-08-25T19:31:15
2021/20018450.pdf,20018450,20018450.pdf,2021,geometry_v8,2,1,1,1,,,,2026-08-25T19:31:15
2021/20018451.pdf,20018451,20018451.pdf,2021,geometry_v8,1,1,1,1,,,,2026-08-25T19:31:15
2021/20018452.pdf,20018452,20018452.pdf,2021,geometry_v8,1,1,1,1,,,,2026-08-25T19:31:15
2021/20018453.pdf,20018453,20018453.pdf,2021,geometry_v8,4,2,1,1,,,,2026-08-25T19:31:15
2021/20018459.pdf,20018459,20018459.pdf,2021,geometry_v8,1,1,1,1,,,,2026-08-25T19:31:16
2021/20018460.pdf,20018460,20018460.pdf,2021,geometry_v8,3,2,1,1,,,,2026-08-25T19:31:16
2021/20018463.pdf,20018463,20018463.pdf,2021,geometry_v8,1,1,1,1,,,,2026-08-25T19:31:16
2021/20018465.pdf,20018465,20018465.pdf,2021,geometry_v8,56,7,7,7,,,,2026-08-25T19:31:19
2021/20018466.pdf,20018466,20018466.pdf,2021,geometry_v8,1,1,1,1,,,,2026-08-25T19:31:19
2021/20018471.pdf,20018471,20018471.pdf,2021,geometry_v8,10,2,2,2,,,,2026-08-25T19:31:20
2021/20018473.pdf,20018473,20018473.pdf,2021,geometry_v8,1,1,1,1,,,,2026-08-25T19:31:20
2021/20018474.pdf,20018474,20018474.pdf,2021,geometry_v8,1,1,1,1,,,,2026-08-25T19:31:20
2021/20018475.pdf,20018475,20018475.pdf,2021,geometry_v8,4,2,1,1,,,,2026-08-25T19:31:21
2021/20018488.pdf,20018488,20018488.pdf,2021,geometry_v8,1,1,1,1,,,,2026-08-25T19:31:21
2021/20018496.pdf,20018496,20018496.pdf,2021,geometry_v8,1,1,1,1,,,,2026-08-25T19:31:21
2021/20018498.pdf,20018498,20018498.pdf,2021,geometry_v8,7,2,1,2,,,,2026-08-25T19:31:21
2021/20018499.pdf,20018499,20018499.pdf,2021,geometry_v8,5,2,1,1,,,,2026-08-25T19:31:21
2021/20018502.pdf,20018502,20018502.pdf,2021,geometry_v8,8,2,2,2,,,,2026-08-25T19:31:22
2021/20018503.pdf,20018503,20018503.pdf,2021,geometry_v8,3,2,1,1,,,,2026-08-25T19:31:22
2021/20018506.pdf,20018506,20018506.pdf,2021,geometry_v8,1,1,1,1,,,,2026-08-25T19:31:22
2021/20018508.pdf,20018508,20018508.pdf,2021,geometry_v8,1,1,1,1,,,,2026-08-25T19:31:22
2021/20018512.pdf,20018512,20018512.pdf,2021,geometry_v8,3,1,1,1,,,,2026-08-25T19:31:22
2021/20018513.pdf,20018513,20018513.pdf,2021,geometry_v8,2,1,1,1,,,,2026-08-25T19:31:22
2021/20018514.pdf,20018514,20018514.pdf,2021,geometry_v8,1,1,1,1,,,,2026-08-25T19:31:23
2021/20018521.pdf,20018521,20018521.pdf,2021,geometry_v8,14,2,2,2,,,,2026-08-25T19:31:23
2021/20018522.pdf,20018522,20018522.pdf,2021,geometry_v8,13,3,2,2,,,,2026-08-25T19:31:24
2021/20018523.pdf,20018523,20018523.pdf,2021,geometry_v8,3,1,1,1,,,,2026-08-25T19:31:24
2021/20018526.pdf,20018526,20018526.pdf,2021,geometry_v8,5,2,1,1,,,,2026-08-25T19:31:24
2021/20018528.pdf,20018528,20018528.pdf,2021,geometry_v8,23,4,3,3,,,,2026-08-25T19:31:25
2021/20018529.pdf,20018529,20018529.pdf,2021,geometry_v8,1,1,1,1,,,,2026-08-25T19:31:25
2021/20018530.pdf,20018530,20018530.pdf,2021,geometry_v8,5,2,1,1,,,,2026-08-25T19:31:25
2021/20018533.pdf,20018533,20018533.pdf,2021,geometry_v8,3,1,1,1,,,,2026-08-25T19:31:25
2021/20018534.pdf,20018534,20018534.pdf,2021,geometry_v8,64,8,8,8,,,,2026-08-25T19:31:28
2021/20018539.pdf,20018539,20018539.pdf,2021,geometry_v8,6,2,2,2,,,,2026-08-25T19:31:28
2021/20018542.pdf,20018542,20018542.pdf,2021,geometry_v8,1,1,1,1,,,,2026-08-25T19:31:28
2021/20018545.pdf,20018545,20018545.pdf,2021,geometry_v8,1,1,1,1,,,,2026-08-25T19:31:28
2021/20018548.pdf,20018548,20018548.pdf,2021,geometry_v8,2,1,1,1,,,,2026-08-25T19:31:28
2021/20018550.pdf,20018550,20018550.pdf,2021,geometry_v8,5,2,1,2,,,,2026-08-25T19:31:29
2021/20018552.pdf,20018552,20018552.pdf,2021,geometry_v8,2,1,1,1,,,,2026-08-25T19:31:29
2021/20018553.pdf,20018553,20018553.pdf,2021,geometry_v8,10,2,2,2,,,,2026-08-25T19:31:29
2021/20018554.pdf,20018554,20018554.pdf,2021,geometry_v8,1,1,1,1,,,,2026-08-25T19:31:29
2021/20018555.pdf,20018555,20018555.pdf,2021,geometry_v8,1,1,1,1,,,,2026-08-25T19:31:29
2021/20018560.pdf,20018560,20018560.pdf,2021,geometry_v8,1,1,1,1,,,,2026-08-25T19:31:30
2021/20018566.pdf,20018566,20018566.pdf,2021,geometry_v8,1,1,1,1,,,,2026-08-25T19:31:30
2021/20018569.pdf,20018569,20018569.pdf,2021,geometry_v8,4,1,1,1,,,,2026-08-25T19:31:30
2021/20018570.pdf,20018570,20018570.pdf,2021,geometry_v8,2,2,1,1,,,,2026-08-25T19:31:30
2021/20018576.pdf,20018576,20018576.pdf,2021,geometry_v8,5,2,1,1,,,,2026-08-25T19:31:30
2021/20018586.pdf,20018586,20018586.pdf,2021,geometry_v8,7,2,2,2,,,,2026-08-25T19:31:31
2021/20018587.pdf,20018587,20018587.pdf,2021,geometry_v8,3,1,1,1,,,,2026-08-25T19:31:31
2021/20018592.pdf,20018592,20018592.pdf,2021,geometry_v8,40,6,5,5,,,,2026-08-25T19:31:34
2021/20018593.pdf,20018593,20018593.pdf,2021,geometry_v8,3,2,1,1,,,,2026-08-25T19:31:34
2021/20018596.pdf,20018596,20018596.pdf,2021,geometry_v8,1,1,1,1,,,,2026-08-25T19:31:34
2021/20018597.pdf,20018597,20018597.pdf,2021,geometry_v8,10,2,2,2,,,,2026-08-25T19:31:35
2021/20018601.pdf,20018601,20018601.pdf,2021,geometry_v8,4,2,1,1,,,,2026-08-25T19:31:35
2021/20018602.pdf,20018602,20018602.pdf,2021,geometry_v8,11,3,2,2,,,,2026-08-25T19:31:36
2021/20018605.pdf,20018605,20018605.pdf,2021,geometry_v8,1,1,1,1,,,,2026-08-25T19:31:36
2021/20018606.pdf,20018606,20018606.pdf,2021,geometry_v8,13,3,2,2,,,,2026-08-25T19:31:36
2021/20018609.pdf,20018609,20018609.pdf,2021,geometry_v8,19,3,2,2,,,,2026-08-25T19:31:37
2021/20018616.pdf,20018616,20018616.pdf,2021,geometry_v8,8,2,2,2,,,,2026-08-25T19:31:37
2021/20018630.pdf,20018630,20018630.pdf,2021,geometry_v8,1,1,1,1,,,,2026-08-25T19:31:37
2021/20018637.pdf,20018637,20018637.pdf,2021,geometry_v8,3,1,1,1,,,,2026-08-25T19:31:38
2021/20018638.pdf,20018638,20018638.pdf,2021,geometry_v8,6,2,2,2,,,,2026-08-25T19:31:38
2021/20018643.pdf,20018643,20018643.pdf,2021,geometry_v8,1,1,1,1,,,,2026-08-25T19:31:38
2021/20018648.pdf,20018648,20018648.pdf,2021,geometry_v8,3,2,1,1,,,,2026-08-25T19:31:38
2021/20018659.pdf,20018659,20018659.pdf,2021,geometry_v8,8,2,2,2,,,,2026-08-25T19:31:38
2021/20018667.pdf,20018667,20018667.pdf,2021,geometry_v8,9,2,2,2,,,,2026-08-25T19:31:39
2021/20018670.pdf,20018670,20018670.pdf,2021,geometry_v8,7,2,1,1,,,,2026-08-25T19:31:39
2021/20018671.pdf,20018671,20018671.pdf,2021,geometry_v8,4,1,1,1,,,,2026-08-25T19:31:39
2021/20018672.pdf,20018672,20018672.pdf,2021,geometry_v8,15,3,3,3,,,,2026-08-25T19:31:40
2021/20018681.pdf,20018681,20018681.pdf,2021,geometry_v8,2,1,1,1,,,,2026-08-25T19:31:40
2021/20018685.pdf,20018685,20018685.pdf,2021,geometry_v8,5,2,1,1,,,,2026-08-25T19:31:40
2021/20018689.pdf,20018689,20018689.pdf,2021,geometry_v8,2,1,1,1,,,,2026-08-25T19:31:40
2021/20018690.pdf,20018690,20018690.pdf,2021,geometry_v8,2,1,1,1,,,,2026-08-25T19:31:40
2021/20018691.pdf,20018691,20018691.pdf,2021,geometry_v8,1,1,1,1,,,,2026-08-25T19:31:41
2021/20018692.pdf,20018692,20018692.pdf,2021,geometry_v8,15,3,3,3,,,,2026-08-25T19:31:41
2021/20018693.pdf,20018693,20018693.pdf,2021,geometry_v8,20,3,3,3,,,,2026-08-25T19:31:42
2021/20018695.pdf,20018695,20018695.pdf,2021,geometry_v8,1,1,1,1,,,,2026-08-25T19:31:42
2021/20018699.pdf,20018699,20018699.pdf,2021,geometry_v8,28,4,4,4,,,,2026-08-25T19:31:43
2021/20018701.pdf,20018701,20018701.pdf,2021,geometry_v8,7,2,2,2,,,,2026-08-25T19:31:44
2021/20018702.pdf,20018702,20018702.pdf,2021,geometry_v8,43,6,6,6,,,,2026-08-25T19:31:45
2021/20018703.pdf,20018703,20018703.pdf,2021,geometry_v8,1,1,1,1,,,,2026-08-25T19:31:45
2021/20018706.pdf,20018706,20018706.pdf,2021,geometry_v8,5,2,1,1,,,,2026-08-25T19:31:45
2021/20018709.pdf,20018709,20018709.pdf,2021,geometry_v8,16,3,3,3,,,,2026-08-25T19:31:46
2021/20018712.pdf,20018712,20018712.pdf,2021,geometry_v8,1,1,1,1,,,,2026-08-25T19:31:46
2021/20018715.pdf,20018715,20018715.pdf,2021,geometry_v8,1,1,1,1,,,,2026-08-25T19:31:47
2021/20018716.pdf,20018716,20018716.pdf,2021,geometry_v8,4,1,1,1,,,,2026-08-25T19:31:47
2021/20018719.pdf,20018719,20018719.pdf,2021,geometry_v8,3,1,1,1,,,,2026-08-25T19:31:47
2021/20018720.pdf,20018720,20018720.pdf,2021,geometry_v8,42,6,6,6,,,,2026-08-25T19:31:50
2021/20018726.pdf,20018726,20018726.pdf,2021,geometry_v8,1,1,1,1,,,,2026-08-25T19:31:50
2021/20018727.pdf,20018727,20018727.pdf,2021,geometry_v8,4,1,1,1,,,,2026-08-25T19:31:51
2021/20018737.pdf,20018737,20018737.pdf,2021,geometry_v8,2,2,1,1,,,,2026-08-25T19:31:51
2021/20018738.pdf,20018738,20018738.pdf,2021,geometry_v8,1,1,1,1,,,,2026-08-25T19:31:51
2021/20018752.pdf,20018752,20018752.pdf,2021,geometry_v8,16,3,3,3,,,,2026-08-25T19:31:52
2021/20018757.pdf,20018757,20018757.pdf,2021,geometry_v8,5,2,2,2,,,,2026-08-25T19:31:52
2021/20018758.pdf,20018758,20018758.pdf,2021,geometry_v8,10,2,2,2,,,,2026-08-25T19:31:52
2021/20018760.pdf,20018760,20018760.pdf,2021,geometry_v8,93,9,9,9,,,,2026-08-25T19:31:55
2021/20018763.pdf,20018763,20018763.pdf,2021,geometry_v8,1,1,1,1,,,,2026-08-25T19:31:55
2021/20018764.pdf,20018764,20018764.pdf,2021,geometry_v8,1,1,1,1,,,,2026-08-25T19:31:56
2021/20018768.pdf,20018768,20018768.pdf,2021,geometry_v8,7,2,2,2,,,,2026-08-25T19:31:56
2021/20018771.pdf,20018771,20018771.pdf,2021,geometry_v8,5,2,1,1,,,,2026-08-25T19:31:56
2021/20018772.pdf,20018772,20018772.pdf,2021,geometry_v8,1,1,1,1,,,,2026-08-25T19:31:56
2021/20018773.pdf,20018773,20018773.pdf,2021,geometry_v8,1,1,1,1,,,,2026-08-25T19:31:56
2021/20018792.pdf,20018792,20018792.pdf,2021,geometry_v8,10,2,2,2,,,,2026-08-25T19:31:57
2021/20018793.pdf,20018793,20018793.pdf,2021,geometry_v8,2,1,1,1,,,,2026-08-25T19:31:57
2021/20018798.pdf,20018798,20018798.pdf,2021,geometry_v8,12,3,2,2,,,,2026-08-25T19:31:57
2021/20018802.pdf,20018802,20018802.pdf,2021,geometry_v8,4,2,1,1,,,,2026-08-25T19:31:57
2021/20018803.pdf,20018803,20018803.pdf,2021,geometry_v8,4,2,1,1,,,,2026-08-25T19:31:58
2021/20018805.pdf,20018805,20018805.pdf,2021,geometry_v8,8,2,2,2,,,,2026-08-25T19:31:58
2021/20018812.pdf,20018812,20018812.pdf,2021,geometry_v8,1,1,1,1,,,,2026-08-25T19:31:58
2021/20018819.pdf,20018819,20018819.pdf,2021,geometry_v8,1,1,1,1,,,,2026-08-25T19:31:58
2021/20018821.pdf,20018821,20018821.pdf,2021,geometry_v8,5,2,1,1,,,,2026-08-25T19:31:58
2021/20018822.pdf,20018822,20018822.pdf,2021,geometry_v8,1,1,1,1,,,,2026-08-25T19:31:59
2021/20018830.pdf,20018830,20018830.pdf,2021,geometry_v8,7,2,1,2,,,,2026-08-25T19:31:59
2021/20018831.pdf,20018831,20018831.pdf,2021,geometry_v8,1,1,1,1,,,,2026-08-25T19:31:59
2021/20018836.pdf,20018836,20018836.pdf,2021,geometry_v8,2,1,1,1,,,,2026-08-25T19:31:59
2021/20018838.pdf,20018838,20018838.pdf,2021,geometry_v8,3,1,1,1,,,,2026-08-25T19:31:59
2021/20018843.pdf,20018843,20018843.pdf,2021,geometry_v8,1,1,1,1,,,,2026-08-25T19:31:59
2021/20018852.pdf,20018852,20018852.pdf,2021,geometry_v8,9,2,2,2,,,,2026-08-25T19:32:00
2021/20018854.pdf,20018854,20018854.pdf,2021,geometry_v8,31,5,4,4,,,,2026-08-25T19:32:02
2021/20018857.pdf,20018857,20018857.pdf,2021,geometry_v8,1,1,1,1,,,,2026-08-25T19:32:02
2021/20018861.pdf,20018861,20018861.pdf,2021,geometry_v8,1,1,1,1,,,,2026-08-25T19:32:02
2021/20018863.pdf,20018863,20018863.pdf,2021,geometry_v8,2,1,1,1,,,,2026-08-25T19:32:02
2021/20018865.pdf,20018865,20018865.pdf,2021,geometry_v8,10,2,2,2,,,,2026-08-25T19:32:03
2021/20018866.pdf,20018866,20018866.pdf,2021,geometry_v8,63,8,8,8,,,,2026-08-25T19:32:07
2021/20018867.pdf,20018867,20018867.pdf,2021,geometry_v8,2,1,1,1,,,,2026-08-25T19:32:07
2021/20018870.pdf,20018870,20018870.pdf,2021,geometry_v8,2,1,1,1,,,,2026-08-25T19:32:07
2021/20018875.pdf,20018875,20018875.pdf,2021,geometry_v8,6,2,2,2,,,,2026-08-25T19:32:07
2021/20018890.pdf,20018890,20018890.pdf,2021,geometry_v8,7,2,2,2,,,,2026-08-25T19:32:08
2021/20018891.pdf,20018891,20018891.pdf,2021,geometry_v8,6,2,2,2,,,,2026-08-25T19:32:08
2021/20018903.pdf,20018903,20018903.pdf,2021,geometry_v8,1,1,1,1,,,,2026-08-25T19:32:08
2021/20018905.pdf,20018905,20018905.pdf,2021,geometry_v8,3,1,1,1,,,,2026-08-25T19:32:08
2021/20018906.pdf,20018906,20018906.pdf,2021,geometry_v8,4,1,1,1,,,,2026-08-25T19:32:08
2021/20018911.pdf,20018911,20018911.pdf,2021,geometry_v8,3,2,1,1,,,,2026-08-25T19:32:08
2021/20018912.pdf,20018912,20018912.pdf,2021,geometry_v8,1,1,1,1,,,,2026-08-25T19:32:08
2021/20018913.pdf,20018913,20018913.pdf,2021,geometry_v8,3,2,1,1,,,,2026-08-25T19:32:09
2021/20018918.pdf,20018918,20018918.pdf,2021,geometry_v8,1,1,1,1,,,,2026-08-25T19:32:09
2021/20018919.pdf,20018919,20018919.pdf,2021,geometry_v8,37,6,6,6,,,,2026-08-25T19:32:10
2021/20018921.pdf,20018921,20018921.pdf,2021,geometry_v8,2,1,1,1,,,,2026-08-25T19:32:11
2021/20018933.pdf,20018933,20018933.pdf,2021,geometry_v8,11,3,2,2,,,,2026-08-25T19:32:11
2021/20018935.pdf,20018935,20018935.pdf,2021,geometry_v8,9,2,2,2,,,,2026-08-25T19:32:11
2021/20018944.pdf,20018944,20018944.pdf,2021,geometry_v8,9,2,2,2,,,,2026-08-25T19:32:12
2021/20018952.pdf,20018952,20018952.pdf,2021,geometry_v8,4,2,1,1,,,,2026-08-25T19:32:12
2021/20018953.pdf,20018953,20018953.pdf,2021,geometry_v8,10,2,2,2,,,,2026-08-25T19:32:12
2021/20018954.pdf,20018954,20018954.pdf,2021,geometry_v8,1,1,1,1,,,,2026-08-25T19:32:12
2021/20018955.pdf,20018955,20018955.pdf,2021,geometry_v8,2,1,1,1,,,,2026-08-25T19:32:12
2021/20018962.pdf,20018962,20018962.pdf,2021,geometry_v8,3,2,1,1,,,,2026-08-25T19:32:12
2021/20018967.pdf,20018967,20018967.pdf,2021,geometry_v8,9,2,2,2,,,,2026-08-25T19:32:13
2021/20018974.pdf,20018974,20018974.pdf,2021,geometry_v8,2,1,1,1,,,,2026-08-25T19:32:13
2021/20018992.pdf,20018992,20018992.pdf,2021,geometry_v8,5,2,1,1,,,,2026-08-25T19:32:13
2021/20018998.pdf,20018998,20018998.pdf,2021,geometry_v8,48,5,5,5,,,,2026-08-25T19:32:15
2021/20018999.pdf,20018999,20018999.pdf,2021,geometry_v8,5,2,1,1,,,,2026-08-25T19:32:15
2021/20019001.pdf,20019001,20019001.pdf,2021,geometry_v8,3,2,1,1,,,,2026-08-25T19:32:15
2021/20019003.pdf,20019003,20019003.pdf,2021,geometry_v8,1,1,1,1,,,,2026-08-25T19:32:15
2021/20019004.pdf,20019004,20019004.pdf,2021,geometry_v8,4,2,1,1,,,,2026-08-25T19:32:16
2021/20019013.pdf,20019013,20019013.pdf,2021,geometry_v8,1,1,1,1,,,,2026-08-25T19:32:16
2021/20019016.pdf,20019016,20019016.pdf,2021,geometry_v8,8,2,2,2,,,,2026-08-25T19:32:16
2021/20019020.pdf,20019020,20019020.pdf,2021,geometry_v8,39,4,4,4,,,,2026-08-25T19:32:19
2021/20019022.pdf,20019022,20019022.pdf,2021,geometry_v8,21,4,3,3,,,,2026-08-25T19:32:20
2021/20019023.pdf,20019023,20019023.pdf,2021,geometry_v8,63,8,8,8,,,,2026-08-25T19:32:23
2021/20019026.pdf,20019026,20019026.pdf,2021,geometry_v8,1,1,1,1,,,,2026-08-25T19:32:23
2021/20019028.pdf,20019028,20019028.pdf,2021,geometry_v8,1,1,1,1,,,,2026-08-25T19:32:23
2021/20019031.pdf,20019031,20019031.pdf,2021,geometry_v8,3,1,1,1,,,,2026-08-25T19:32:23
2021/20019033.pdf,20019033,20019033.pdf,2021,geometry_v8,1,1,1,1,,,,2026-08-25T19:32:23
2021/20019035.pdf,20019035,20019035.pdf,2021,geometry_v8,3,2,1,1,,,,2026-08-25T19:32:23
2021/20019040.pdf,20019040,20019040.pdf,2021,geometry_v8,68,8,8,8,,,,2026-08-25T19:32:26
2021/20019043.pdf,20019043,20019043.pdf,2021,geometry_v8,13,3,2,2,,,,2026-08-25T19:32:26
2021/20019045.pdf,20019045,20019045.pdf,2021,geometry_v8,1,1,1,1,,,,2026-08-25T19:32:26
2021/20019052.pdf,20019052,20019052.pdf,2021,geometry_v8,9,2,2,2,,,,2026-08-25T19:32:27
2021/20019054.pdf,20019054,20019054.pdf,2021,geometry_v8,1,1,1,1,,,,2026-08-25T19:32:27
2021/20019056.pdf,20019056,20019056.pdf,2021,geometry_v8,5,2,2,2,,,,2026-08-25T19:32:27
2021/20019060.pdf,20019060,20019060.pdf,2021,geometry_v8,14,3,3,3,,,,2026-08-25T19:32:28
2021/20019061.pdf,20019061,20019061.pdf,2021,geometry_v8,7,2,2,2,,,,2026-08-25T19:32:28
2021/20019062.pdf,20019062,20019062.pdf,2021,geometry_v8,1,1,1,1,,,,2026-08-25T19:32:28
2021/20019063.pdf,20019063,20019063.pdf,2021,geometry_v8,2,1,1,1,,,,2026-08-25T19:32:28
2021/20019066.pdf,20019066,20019066.pdf,2021,geometry_v8,1,1,1,1,,,,2026-08-25T19:32:28
2021/20019067.pdf,20019067,20019067.pdf,2021,geometry_v8,1,1,1,1,,,,2026-08-25T19:32:28
2021/20019068.pdf,20019068,20019068.pdf,2021,geometry_v8,1,1,1,1,,,,2026-08-25T19:32:29
2021/20019072.pdf,20019072,20019072.pdf,2021,geometry_v8,2,1,1,1,,,,2026-08-25T19:32:29
2021/20019076.pdf,20019076,20019076.pdf,2021,geometry_v8,23,4,3,3,,,,2026-08-25T19:32:30
2021/20019081.pdf,20019081,20019081.pdf,2021,geometry_v8,1,1,1,1,,,,2026-08-25T19:32:30
2021/20019082.pdf,20019082,20019082.pdf,2021,geometry_v8,2,1,1,1,,,,2026-08-25T19:32:30
2021/20019089.pdf,20019089,20019089.pdf,2021,geometry_v8,18,3,3,3,,,,2026-08-25T19:32:31
2021/20019091.pdf,20019091,20019091.pdf,2021,geometry_v8,2,1,1,1,,,,2026-08-25T19:32:32
2021/20019092.pdf,20019092,20019092.pdf,2021,geometry_v8,78,10,10,10,,,,2026-08-25T19:32:36
2021/20019096.pdf,20019096,20019096.pdf,2021,geometry_v8,1,1,1,1,,,,2026-08-25T19:32:36
2021/20019097.pdf,20019097,20019097.pdf,2021,geometry_v8,1,1,1,1,,,,2026-08-25T19:32:36
2021/20019098.pdf,20019098,20019098.pdf,2021,geometry_v8,2,1,1,1,,,,2026-08-25T19:32:36
2021/20019099.pdf,20019099,20019099.pdf,2021,geometry_v8,4,2,1,1,,,,2026-08-25T19:32:37
2021/20019100.pdf,20019100,20019100.pdf,2021,geometry_v8,1,1,1,1,,,,2026-08-25T19:32:37
2021/20019110.pdf,20019110,20019110.pdf,2021,geometry_v8,9,2,2,2,,,,2026-08-25T19:32:37
2021/20019116.pdf,20019116,20019116.pdf,2021,geometry_v8,3,2,1,1,,,,2026-08-25T19:32:37
2021/20019140.pdf,20019140,20019140.pdf,2021,geometry_v8,2,1,1,1,,,,2026-08-25T19:32:37
2021/20019142.pdf,20019142,20019142.pdf,2021,geometry_v8,1,1,1,1,,,,2026-08-25T19:32:37
2021/20019144.pdf,20019144,20019144.pdf,2021,geometry_v8,10,2,2,2,,,,2026-08-25T19:32:38
2021/20019152.pdf,20019152,20019152.pdf,2021,geometry_v8,4,2,1,1,,,,2026-08-25T19:32:38
2021/20019162.pdf,20019162,20019162.pdf,2021,geometry_v8,4,1,1,1,,,,2026-08-25T19:32:38
2021/20019167.pdf,20019167,20019167.pdf,2021,geometry_v8,4,2,1,1,,,,2026-08-25T19:32:38
2021/20019168.pdf,20019168,20019168.pdf,2021,geometry_v8,3,2,1,1,,,,2026-08-25T19:32:39
2021/20019173.pdf,20019173,20019173.pdf,2021,geometry_v8,9,2,2,2,,,,2026-08-25T19:32:39
2021/20019181.pdf,20019181,20019181.pdf,2021,geometry_v8,3,2,1,1,,,,2026-08-25T19:32:39
2021/20019183.pdf,20019183,20019183.pdf,2021,geometry_v8,1,1,1,1,,,,2026-08-25T19:32:39
2021/20019197.pdf,20019197,20019197.pdf,2021,geometry_v8,1,1,1,1,,,,2026-08-25T19:32:39
2021/20019208.pdf,20019208,20019208.pdf,2021,geometry_v8,1,1,1,1,,,,2026-08-25T19:32:40
2021/20019216.pdf,20019216,20019216.pdf,2021,geometry_v8,6,2,1,1,,,,2026-08-25T19:32:40
2021/20019221.pdf,20019221,20019221.pdf,2021,geometry_v8,1,1,1,1,,,,2026-08-25T19:32:40
2021/20019227.pdf,20019227,20019227.pdf,2021,geometry_v8,12,3,2,2,,,,2026-08-25T19:32:40
2021/20019228.pdf,20019228,20019228.pdf,2021,geometry_v8,10,2,2,2,,,,2026-08-25T19:32:41
2021/20019231.pdf,20019231,20019231.pdf,2021,geometry_v8,6,2,1,1,,,,2026-08-25T19:32:41
2021/20019234.pdf,20019234,20019234.pdf,2021,geometry_v8,2,2,1,1,,,,2026-08-25T19:32:41
2021/20019238.pdf,20019238,20019238.pdf,2021,geometry_v8,15,3,2,2,,,,2026-08-25T19:32:42
2021/20019240.pdf,20019240,20019240.pdf,2021,geometry_v8,22,4,3,3,,,,2026-08-25T19:32:43
2021/20019249.pdf,20019249,20019249.pdf,2021,geometry_v8,1,1,1,1,,,,2026-08-25T19:32:43
2021/20019250.pdf,20019250,20019250.pdf,2021,geometry_v8,1,1,1,1,,,,2026-08-25T19:32:43
2021/20019253.pdf,20019253,20019253.pdf,2021,geometry_v8,1,1,1,1,,,,2026-08-25T19:32:43
2021/20019257.pdf,20019257,20019257.pdf,2021,geometry_v8,30,4,4,4,,,,2026-08-25T19:32:44
2021/20019260.pdf,20019260,20019260.pdf,2021,geometry_v8,4,1,1,1,,,,2026-08-25T19:32:44
2021/20019266.pdf,20019266,20019266.pdf,2021,geometry_v8,2,1,1,1,,,,2026-08-25T19:32:44
2021/20019267.pdf,20019267,20019267.pdf,2021,geometry_v8,36,5,5,5,,,,2026-08-25T19:32:47
2021/20019269.pdf,20019269,20019269.pdf,2021,geometry_v8,1,1,1,1,,,,2026-08-25T19:32:47
2021/20019288.pdf,20019288,20019288.pdf,2021,geometry_v8,2,1,1,1,,,,2026-08-25T19:32:47
2021/20019289.pdf,20019289,20019289.pdf,2021,geometry_v8,1,1,1,1,,,,2026-08-25T19:32:48
2021/20019291.pdf,20019291,20019291.pdf,2021,geometry_v8,9,2,2,2,,,,2026-08-25T19:32:48
2021/20019292.pdf,20019292,20019292.pdf,2021,geometry_v8,1,1,1,1,,,,2026-08-25T19:32:48
2021/20019293.pdf,20019293,20019293.pdf,2021,geometry_v8,1,1,1,1,,,,2026-08-25T19:32:48
2021/20019295.pdf,20019295,20019295.pdf,2021,geometry_v8,4,2,1,1,,,,2026-08-25T19:32:49
2021/20019307.pdf,20019307,20019307.pdf,2021,geometry_v8,14,3,3,3,,,,2026-08-25T19:32:49
2021/20019309.pdf,20019309,20019309.pdf,2021,geometry_v8,8,2,2,2,,,,2026-08-25T19:32:50
2021/20019312.pdf,20019312,20019312.pdf,2021,geometry_v8,1,1,1,1,,,,2026-08-25T19:32:50
2021/20019318.pdf,20019318,20019318.pdf,2021,geometry_v8,1,1,1,1,,,,2026-08-25T19:32:50
2021/20019319.pdf,20019319,20019319.pdf,2021,geometry_v8,5,2,1,1,,,,2026-08-25T19:32:50
2021/20019320.pdf,20019320,20019320.pdf,2021,geometry_v8,1,1,1,1,,,,2026-08-25T19:32:51
2021/20019328.pdf,20019328,20019328.pdf,2021,geometry_v8,13,2,2,2,,,,2026-08-25T19:32:51
2021/20019330.pdf,20019330,20019330.pdf,2021,geometry_v8,2,1,1,1,,,,2026-08-25T19:32:51
2021/20019331.pdf,20019331,20019331.pdf,2021,geometry_v8,4,2,1,1,,,,2026-08-25T19:32:51
2021/20019333.pdf,20019333,20019333.pdf,2021,geometry_v8,7,2,2,2,,,,2026-08-25T19:32:52
2021/20019334.pdf,20019334,20019334.pdf,2021,geometry_v8,35,5,5,5,,,,2026-08-25T19:32:53
2021/20019336.pdf,20019336,20019336.pdf,2021,geometry_v8,3,2,1,1,,,,2026-08-25T19:32:53
2021/20019339.pdf,20019339,20019339.pdf,2021,geometry_v8,11,3,2,2,,,,2026-08-25T19:32:54
2021/20019340.pdf,20019340,20019340.pdf,2021,geometry_v8,41,6,5,5,,,,2026-08-25T19:32:55
2021/20019344.pdf,20019344,20019344.pdf,2021,geometry_v8,1,1,1,1,,,,2026-08-25T19:32:56
2021/20019345.pdf,20019345,20019345.pdf,2021,geometry_v8,4,2,1,1,,,,2026-08-25T19:32:56
2021/20019346.pdf,20019346,20019346.pdf,2021,geometry_v8,6,2,1,1,,,,2026-08-25T19:32:56
2021/20019349.pdf,20019349,20019349.pdf,2021,geometry_v8,11,3,2,2,,,,2026-08-25T19:32:56
2021/20019350.pdf,20019350,20019350.pdf,2021,geometry_v8,2,1,1,1,,,,2026-08-25T19:32:56
2021/20019352.pdf,20019352,20019352.pdf,2021,geometry_v8,5,2,1,1,,,,2026-08-25T19:32:57
2021/20019355.pdf,20019355,20019355.pdf,2021,geometry_v8,13,3,2,2,,,,2026-08-25T19:32:57
2021/20019364.pdf,20019364,20019364.pdf,2021,geometry_v8,1,1,1,1,,,,2026-08-25T19:32:57
2021/20019373.pdf,20019373,20019373.pdf,2021,geometry_v8,2,2,1,1,,,,2026-08-25T19:32:58
2021/20019374.pdf,20019374,20019374.pdf,2021,geometry_v8,134,15,15,15,,,,2026-08-25T19:33:04
2021/20019379.pdf,20019379,20019379.pdf,2021,geometry_v8,453,50,50,50,,,,2026-08-25T19:33:23
2021/20019395.pdf,20019395,20019395.pdf,2021,geometry_v8,1,1,1,1,,,,2026-08-25T19:33:23
2021/20019402.pdf,20019402,20019402.pdf,2021,geometry_v8,2,1,1,1,,,,2026-08-25T19:33:24
2021/20019403.pdf,20019403,20019403.pdf,2021,geometry_v8,1,1,1,1,,,,2026-08-25T19:33:24
2021/20019412.pdf,20019412,20019412.pdf,2021,geometry_v8,9,2,2,2,,,,2026-08-25T19:33:24
2021/20019414.pdf,20019414,20019414.pdf,2021,geometry_v8,6,2,1,1,,,,2026-08-25T19:33:24
2021/20019415.pdf,20019415,20019415.pdf,2021,geometry_v8,5,2,1,2,,,,2026-08-25T19:33:24
2021/20019418.pdf,20019418,20019418.pdf,2021,geometry_v8,8,2,2,2,,,,2026-08-25T19:33:25
2021/20019421.pdf,20019421,20019421.pdf,2021,geometry_v8,5,2,1,1,,,,2026-08-25T19:33:25
2021/20019426.pdf,20019426,20019426.pdf,2021,geometry_v8,12,3,2,2,,,,2026-08-25T19:33:26
2021/20019428.pdf,20019428,20019428.pdf,2021,geometry_v8,3,2,1,1,,,,2026-08-25T19:33:26
2021/20019435.pdf,20019435,20019435.pdf,2021,geometry_v8,20,4,3,3,,,,2026-08-25T19:33:27
2021/20019436.pdf,20019436,20019436.pdf,2021,geometry_v8,1,1,1,1,,,,2026-08-25T19:33:27
2021/20019437.pdf,20019437,20019437.pdf,2021,geometry_v8,1,1,1,1,,,,2026-08-25T19:33:27
2021/20019438.pdf,20019438,20019438.pdf,2021,geometry_v8,1,1,1,1,,,,2026-08-25T19:33:27
2021/20019443.pdf,20019443,20019443.pdf,2021,geometry_v8,22,4,3,3,,,,2026-08-25T19:33:28
2021/20019445.pdf,20019445,20019445.pdf,2021,geometry_v8,1,1,1,1,,,,2026-08-25T19:33:28
2021/20019448.pdf,20019448,20019448.pdf,2021,geometry_v8,2,1,1,1,,,,2026-08-25T19:33:28
2021/20019450.pdf,20019450,20019450.pdf,2021,geometry_v8,2,1,1,1,,,,2026-08-25T19:33:28
2021/20019451.pdf,20019451,20019451.pdf,2021,geometry_v8,7,2,2,2,,,,2026-08-25T19:33:29
2021/20019457.pdf,20019457,20019457.pdf,2021,geometry_v8,12,3,2,2,,,,2026-08-25T19:33:30
2021/20019458.pdf,20019458,20019458.pdf,2021,geometry_v8,39,6,5,5,,,,2026-08-25T19:33:33
2021/20019461.pdf,20019461,20019461.pdf,2021,geometry_v8,2,2,1,1,,,,2026-08-25T19:33:33
2021/20019479.pdf,20019479,20019479.pdf,2021,geometry_v8,20,4,3,3,,,,2026-08-25T19:33:34
2021/20019481.pdf,20019481,20019481.pdf,2021,geometry_v8,2,1,1,1,,,,2026-08-25T19:33:34
2021/20019482.pdf,20019482,20019482.pdf,2021,geometry_v8,2,1,1,1,,,,2026-08-25T19:33:34
2021/20019483.pdf,20019483,20019483.pdf,2021,geometry_v8,4,2,1,1,,,,2026-08-25T19:33:34
2021/20019484.pdf,20019484,20019484.pdf,2021,geometry_v8,4,2,1,1,,,,2026-08-25T19:33:35
2021/20019488.pdf,20019488,20019488.pdf,2021,geometry_v8,1,1,1,1,,,,2026-08-25T19:33:35
2021/20019489.pdf,20019489,20019489.pdf,2021,geometry_v8,1,1,1,1,,,,2026-08-25T19:33:35
2021/20019490.pdf,20019490,20019490.pdf,2021,geometry_v8,14,3,3,3,,,,2026-08-25T19:33:36
2021/20019492.pdf,20019492,20019492.pdf,2021,geometry_v8,3,2,1,1,,,,2026-08-25T19:33:36
2021/20019506.pdf,20019506,20019506.pdf,2021,geometry_v8,24,4,4,4,,,,2026-08-25T19:33:37
2021/20019512.pdf,20019512,20019512.pdf,2021,geometry_v8,11,2,2,2,,,,2026-08-25T19:33:37
2021/20019513.pdf,20019513,20019513.pdf,2021,geometry_v8,5,2,1,1,,,,2026-08-25T19:33:38
2021/20019527.pdf,20019527,20019527.pdf,2021,geometry_v8,1,1,1,1,,,,2026-08-25T19:33:38
2021/20019530.pdf,20019530,20019530.pdf,2021,geometry_v8,159,18,18,18,,,,2026-08-25T19:33:43
2021/20019543.pdf,20019543,20019543.pdf,2021,geometry_v8,15,3,3,3,,,,2026-08-25T19:33:44
2021/20019546.pdf,20019546,20019546.pdf,2021,geometry_v8,2,1,1,1,,,,2026-08-25T19:33:45
2021/20019547.pdf,20019547,20019547.pdf,2021,geometry_v8,1,1,1,1,,,,2026-08-25T19:33:45
2021/20019555.pdf,20019555,20019555.pdf,2021,geometry_v8,2,1,1,1,,,,2026-08-25T19:33:46
2021/20019557.pdf,20019557,20019557.pdf,2021,geometry_v8,4,1,1,1,,,,2026-08-25T19:33:46
2021/20019559.pdf,20019559,20019559.pdf,2021,geometry_v8,4,2,1,1,,,,2026-08-25T19:33:46
2021/20019561.pdf,20019561,20019561.pdf,2021,geometry_v8,1,1,1,1,,,,2026-08-25T19:33:46
2021/20019570.pdf,20019570,20019570.pdf,2021,geometry_v8,1,1,1,1,,,,2026-08-25T19:33:46
2021/20019571.pdf,20019571,20019571.pdf,2021,geometry_v8,4,1,1,1,,,,2026-08-25T19:33:47
2021/20019577.pdf,20019577,20019577.pdf,2021,geometry_v8,6,2,2,2,,,,2026-08-25T19:33:47
2021/20019580.pdf,20019580,20019580.pdf,2021,geometry_v8,6,2,2,2,,,,2026-08-25T19:33:48
2021/20019581.pdf,20019581,20019581.pdf,2021,geometry_v8,8,2,2,2,,,,2026-08-25T19:33:49
2021/20019582.pdf,20019582,20019582.pdf,2021,geometry_v8,18,3,2,2,,,,2026-08-25T19:33:49
2021/20019586.pdf,20019586,20019586.pdf,2021,geometry_v8,8,2,2,2,,,,2026-08-25T19:33:50
2021/20019591.pdf,20019591,20019591.pdf,2021,geometry_v8,1,1,1,1,,,,2026-08-25T19:33:50
2021/20019592.pdf,20019592,20019592.pdf,2021,geometry_v8,64,8,8,8,,,,2026-08-25T19:33:52
2021/20019593.pdf,20019593,20019593.pdf,2021,geometry_v8,32,5,4,4,,,,2026-08-25T19:33:53
2021/20019594.pdf,20019594,20019594.pdf,2021,geometry_v8,31,5,5,5,,,,2026-08-25T19:33:54
2021/20019595.pdf,20019595,20019595.pdf,2021,geometry_v8,1,1,1,1,,,,2026-08-25T19:33:55
2021/20019596.pdf,20019596,20019596.pdf,2021,geometry_v8,1,1,1,1,,,,2026-08-25T19:33:55
2021/20019598.pdf,20019598,20019598.pdf,2021,geometry_v8,3,1,1,1,,,,2026-08-25T19:33:55
2021/20019600.pdf,20019600,20019600.pdf,2021,geometry_v8,1,1,1,1,,,,2026-08-25T19:33:55
2021/20019606.pdf,20019606,20019606.pdf,2021,geometry_v8,8,2,2,2,,,,2026-08-25T19:33:56
2021/20019618.pdf,20019618,20019618.pdf,2021,geometry_v8,6,2,2,2,,,,2026-08-25T19:33:56
2021/20019619.pdf,20019619,20019619.pdf,2021,geometry_v8,6,2,2,2,,,,2026-08-25T19:33:56
2021/20019621.pdf,20019621,20019621.pdf,2021,geometry_v8,3,1,1,1,,,,2026-08-25T19:33:56
2021/20019623.pdf,20019623,20019623.pdf,2021,geometry_v8,27,5,4,4,,,,2026-08-25T19:33:57
2021/20019626.pdf,20019626,20019626.pdf,2021,geometry_v8,3,1,1,1,,,,2026-08-25T19:33:57
2021/20019633.pdf,20019633,20019633.pdf,2021,geometry_v8,4,2,1,1,,,,2026-08-25T19:33:58
2021/20019635.pdf,20019635,20019635.pdf,2021,geometry_v8,7,2,1,1,,,,2026-08-25T19:33:58
2021/20019637.pdf,20019637,20019637.pdf,2021,geometry_v8,4,2,1,1,,,,2026-08-25T19:33:58
2021/20019638.pdf,20019638,20019638.pdf,2021,geometry_v8,1,1,1,1,,,,2026-08-25T19:33:59
2021/20019640.pdf,20019640,20019640.pdf,2021,geometry_v8,1,1,1,1,,,,2026-08-25T19:33:59
2021/20019641.pdf,20019641,20019641.pdf,2021,geometry_v8,1,1,1,1,,,,2026-08-25T19:33:59
2021/20019642.pdf,20019642,20019642.pdf,2021,geometry_v8,6,2,1,1,,,,2026-08-25T19:34:00
2021/20019643.pdf,20019643,20019643.pdf,2021,geometry_v8,5,2,1,1,,,,2026-08-25T19:34:00
2021/20019647.pdf,20019647,20019647.pdf,2021,geometry_v8,2,1,1,1,,,,2026-08-25T19:34:00
2021/20019648.pdf,20019648,20019648.pdf,2021,geometry_v8,10,2,2,2,,,,2026-08-25T19:34:01
2021/20019653.pdf,20019653,20019653.pdf,2021,geometry_v8,4,1,1,1,,,,2026-08-25T19:34:01
2021/20019654.pdf,20019654,20019654.pdf,2021,geometry_v8,4,2,1,1,,,,2026-08-25T19:34:02
2021/20019670.pdf,20019670,20019670.pdf,2021,geometry_v8,3,1,1,1,,,,2026-08-25T19:34:02
2021/20019675.pdf,20019675,20019675.pdf,2021,geometry_v8,1,1,1,1,,,,2026-08-25T19:34:02
2021/20019676.pdf,20019676,20019676.pdf,2021,geometry_v8,2,2,1,1,,,,2026-08-25T19:34:03
2021/20019685.pdf,20019685,20019685.pdf,2021,geometry_v8,5,2,1,1,,,,2026-08-25T19:34:03
2021/20019691.pdf,20019691,20019691.pdf,2021,geometry_v8,1,1,1,1,,,,2026-08-25T19:34:03
2021/20019692.pdf,20019692,20019692.pdf,2021,geometry_v8,2,1,1,1,,,,2026-08-25T19:34:03
2021/20019693.pdf,20019693,20019693.pdf,2021,geometry_v8,2,1,1,1,,,,2026-08-25T19:34:03
2021/20019695.pdf,20019695,20019695.pdf,2021,geometry_v8,1,1,1,1,,,,2026-08-25T19:34:03
2021/20019707.pdf,20019707,20019707.pdf,2021,geometry_v8,17,3,3,3,,,,2026-08-25T19:34:04
2021/20019708.pdf,20019708,20019708.pdf,2021,geometry_v8,5,2,1,1,,,,2026-08-25T19:34:04
2021/20019717.pdf,20019717,20019717.pdf,2021,geometry_v8,8,2,2,2,,,,2026-08-25T19:34:04
2021/20019726.pdf,20019726,20019726.pdf,2021,geometry_v8,1,1,1,1,,,,2026-08-25T19:34:05
2021/20019730.pdf,20019730,20019730.pdf,2021,geometry_v8,14,2,2,2,,,,2026-08-25T19:34:05
2021/20019734.pdf,20019734,20019734.pdf,2021,geometry_v8,8,2,2,2,,,,2026-08-25T19:34:06
2021/20019736.pdf,20019736,20019736.pdf,2021,geometry_v8,4,2,1,1,,,,2026-08-25T19:34:06
2021/20019743.pdf,20019743,20019743.pdf,2021,geometry_v8,1,1,1,1,,,,2026-08-25T19:34:06
2021/20019744.pdf,20019744,20019744.pdf,2021,geometry_v8,7,2,2,2,,,,2026-08-25T19:34:06
2021/20019747.pdf,20019747,20019747.pdf,2021,geometry_v8,1,1,1,1,,,,2026-08-25T19:34:06
2021/20019748.pdf,20019748,20019748.pdf,2021,geometry_v8,17,3,3,3,,,,2026-08-25T19:34:07
2021/20019749.pdf,20019749,20019749.pdf,2021,geometry_v8,2,1,1,1,,,,2026-08-25T19:34:07
2021/20019751.pdf,20019751,20019751.pdf,2021,geometry_v8,9,2,2,2,,,,2026-08-25T19:34:07
2021/20019752.pdf,20019752,20019752.pdf,2021,geometry_v8,17,3,2,2,,,,2026-08-25T19:34:09
2021/20019761.pdf,20019761,20019761.pdf,2021,geometry_v8,48,6,6,6,,,,2026-08-25T19:34:11
2021/20019762.pdf,20019762,20019762.pdf,2021,geometry_v8,16,3,3,3,,,,2026-08-25T19:34:11
2021/20019771.pdf,20019771,20019771.pdf,2021,geometry_v8,3,1,1,1,,,,2026-08-25T19:34:11
2021/20019774.pdf,20019774,20019774.pdf,2021,geometry_v8,2,1,1,1,,,,2026-08-25T19:34:12
2021/20019775.pdf,20019775,20019775.pdf,2021,geometry_v8,1,1,1,1,,,,2026-08-25T19:34:12
2021/20019776.pdf,20019776,20019776.pdf,2021,geometry_v8,1,1,1,1,,,,2026-08-25T19:34:12
2021/20019777.pdf,20019777,20019777.pdf,2021,geometry_v8,3,2,1,1,,,,2026-08-25T19:34:12
2021/20019780.pdf,20019780,20019780.pdf,2021,geometry_v8,4,2,1,1,,,,2026-08-25T19:34:12
2021/20019787.pdf,20019787,20019787.pdf,2021,geometry_v8,6,2,1,1,,,,2026-08-25T19:34:12
2021/20019790.pdf,20019790,20019790.pdf,2021,geometry_v8,2,1,1,1,,,,2026-08-25T19:34:13
2021/20019793.pdf,20019793,20019793.pdf,2021,geometry_v8,1,1,1,1,,,,2026-08-25T19:34:13
2021/20019795.pdf,20019795,20019795.pdf,2021,geometry_v8,1,1,1,1,,,,2026-08-25T19:34:13
2021/20019796.pdf,20019796,20019796.pdf,2021,geometry_v8,1,1,1,1,,,,2026-08-25T19:34:13
2021/20019805.pdf,20019805,20019805.pdf,2021,geometry_v8,1,1,1,1,,,,2026-08-25T19:34:13
2021/20019808.pdf,20019808,20019808.pdf,2021,geometry_v8,1,1,1,1,,,,2026-08-25T19:34:13
2021/20019814.pdf,20019814,20019814.pdf,2021,geometry_v8,2,1,1,1,,,,2026-08-25T19:34:14
2021/20019816.pdf,20019816,20019816.pdf,2021,geometry_v8,2,1,1,1,,,,2026-08-25T19:34:14
2021/20019824.pdf,20019824,20019824.pdf,2021,geometry_v8,9,2,2,2,,,,2026-08-25T19:34:14
2021/20019828.pdf,20019828,20019828.pdf,2021,geometry_v8,8,2,2,2,,,,2026-08-25T19:34:15
2021/20019829.pdf,20019829,20019829.pdf,2021,geometry_v8,1,1,1,1,,,,2026-08-25T19:34:16
2021/20019844.pdf,20019844,20019844.pdf,2021,geometry_v8,2,1,1,1,,,,2026-08-25T19:34:16
2021/20019847.pdf,20019847,20019847.pdf,2021,geometry_v8,7,2,2,2,,,,2026-08-25T19:34:16
2021/20019848.pdf,20019848,20019848.pdf,2021,geometry_v8,1,1,1,1,,,,2026-08-25T19:34:16
2021/20019850.pdf,20019850,20019850.pdf,2021,geometry_v8,22,4,3,3,,,,2026-08-25T19:34:18
2021/20019852.pdf,20019852,20019852.pdf,2021,geometry_v8,4,2,1,1,,,,2026-08-25T19:34:18
2021/20019858.pdf,20019858,20019858.pdf,2021,geometry_v8,3,2,1,1,,,,2026-08-25T19:34:18
2021/20019863.pdf,20019863,20019863.pdf,2021,geometry_v8,3,2,1,1,,,,2026-08-25T19:34:18
2021/20019869.pdf,20019869,20019869.pdf,2021,geometry_v8,1,1,1,1,,,,2026-08-25T19:34:18
2021/20019872.pdf,20019872,20019872.pdf,2021,geometry_v8,4,1,1,1,,,,2026-08-25T19:34:18
2021/20019873.pdf,20019873,20019873.pdf,2021,geometry_v8,1,1,1,1,,,,2026-08-25T19:34:19
2021/20019877.pdf,20019877,20019877.pdf,2021,geometry_v8,1,1,1,1,,,,2026-08-25T19:34:19
2021/20019878.pdf,20019878,20019878.pdf,2021,geometry_v8,1,1,1,1,,,,2026-08-25T19:34:19
2021/20019879.pdf,20019879,20019879.pdf,2021,geometry_v8,1,1,1,1,,,,2026-08-25T19:34:19
2021/20019880.pdf,20019880,20019880.pdf,2021,geometry_v8,1,1,1,1,,,,2026-08-25T19:34:19
2021/20019893.pdf,20019893,20019893.pdf,2021,geometry_v8,5,2,1,1,,,,2026-08-25T19:34:20
2021/20019895.pdf,20019895,20019895.pdf,2021,geometry_v8,11,3,2,2,,,,2026-08-25T19:34:20
2021/20019896.pdf,20019896,20019896.pdf,2021,geometry_v8,1,1,1,1,,,,2026-08-25T19:34:20
2021/20019902.pdf,20019902,20019902.pdf,2021,geometry_v8,5,2,1,1,,,,2026-08-25T19:34:20
2021/20019915.pdf,20019915,20019915.pdf,2021,geometry_v8,1,1,1,1,,,,2026-08-25T19:34:20
2021/20019917.pdf,20019917,20019917.pdf,2021,geometry_v8,7,2,2,2,,,,2026-08-25T19:34:21
2021/20019922.pdf,20019922,20019922.pdf,2021,geometry_v8,4,1,1,1,,,,2026-08-25T19:34:21
2021/20019923.pdf,20019923,20019923.pdf,2021,geometry_v8,1,1,1,1,,,,2026-08-25T19:34:21
2021/20019930.pdf,20019930,20019930.pdf,2021,geometry_v8,1,1,1,1,,,,2026-08-25T19:34:22
2021/20019937.pdf,20019937,20019937.pdf,2021,geometry_v8,1,1,1,1,,,,2026-08-25T19:34:22
2021/20019939.pdf,20019939,20019939.pdf,2021,geometry_v8,1,1,1,1,,,,2026-08-25T19:34:22
2021/20019941.pdf,20019941,20019941.pdf,2021,geometry_v8,1,1,1,1,,,,2026-08-25T19:34:22
2021/20019942.pdf,20019942,20019942.pdf,2021,geometry_v8,6,2,1,1,,,,2026-08-25T19:34:22
2021/20019946.pdf,20019946,20019946.pdf,2021,geometry_v8,12,2,2,2,,,,2026-08-25T19:34:22
2021/20019949.pdf,20019949,20019949.pdf,2021,geometry_v8,12,3,2,2,,,,2026-08-25T19:34:23
2021/20019957.pdf,20019957,20019957.pdf,2021,geometry_v8,1,1,1,1,,,,2026-08-25T19:34:23
2021/20019960.pdf,20019960,20019960.pdf,2021,geometry_v8,1,1,1,1,,,,2026-08-25T19:34:24
2021/20019961.pdf,20019961,20019961.pdf,2021,geometry_v8,29,5,4,4,,,,2026-08-25T19:34:25
2021/20019965.pdf,20019965,20019965.pdf,2021,geometry_v8,1,1,1,1,,,,2026-08-25T19:34:25
2021/20019967.pdf,20019967,20019967.pdf,2021,geometry_v8,3,2,1,1,,,,2026-08-25T19:34:25
2021/20019971.pdf,20019971,20019971.pdf,2021,geometry_v8,11,2,2,2,,,,2026-08-25T19:34:25
2021/20019972.pdf,20019972,20019972.pdf,2021,geometry_v8,1,1,1,1,,,,2026-08-25T19:34:25
2021/20019973.pdf,20019973,20019973.pdf,2021,geometry_v8,20,3,3,3,,,,2026-08-25T19:34:26
2021/20019979.pdf,20019979,20019979.pdf,2021,geometry_v8,1,1,1,1,,,,2026-08-25T19:34:26
2021/20019983.pdf,20019983,20019983.pdf,2021,geometry_v8,20,4,3,3,,,,2026-08-25T19:34:27
2021/20019988.pdf,20019988,20019988.pdf,2021,geometry_v8,1,1,1,1,,,,2026-08-25T19:34:28
2021/20019989.pdf,20019989,20019989.pdf,2021,geometry_v8,1,1,1,1,,,,2026-08-25T19:34:28
2021/20019995.pdf,20019995,20019995.pdf,2021,geometry_v8,7,2,2,2,,,,2026-08-25T19:34:28
2021/20020002.pdf,20020002,20020002.pdf,2021,geometry_v8,7,2,2,2,,,,2026-08-25T19:34:29
2021/20020006.pdf,20020006,20020006.pdf,2021,geometry_v8,3,2,1,1,,,,2026-08-25T19:34:29
2021/20020009.pdf,20020009,20020009.pdf,2021,geometry_v8,1,1,1,1,,,,2026-08-25T19:34:29
2021/20020021.pdf,20020021,20020021.pdf,2021,geometry_v8,3,2,1,1,,,,2026-08-25T19:34:29
2021/20020029.pdf,20020029,20020029.pdf,2021,geometry_v8,1,1,1,1,,,,2026-08-25T19:34:30
2021/20020032.pdf,20020032,20020032.pdf,2021,geometry_v8,1,1,1,1,,,,2026-08-25T19:34:30
2021/20020046.pdf,20020046,20020046.pdf,2021,geometry_v8,13,2,2,2,,,,2026-08-25T19:34:30
2021/20020048.pdf,20020048,20020048.pdf,2021,geometry_v8,1,1,1,1,,,,2026-08-25T19:34:31
2021/20020052.pdf,20020052,20020052.pdf,2021,geometry_v8,3,1,1,1,,,,2026-08-25T19:34:32
2021/20020062.pdf,20020062,20020062.pdf,2021,geometry_v8,1,1,1,1,,,,2026-08-25T19:34:32
2021/20020070.pdf,20020070,20020070.pdf,2021,geometry_v8,1,1,1,1,,,,2026-08-25T19:34:32
2021/20020081.pdf,20020081,20020081.pdf,2021,geometry_v8,4,2,1,1,,,,2026-08-25T19:34:32
2021/20020086.pdf,20020086,20020086.pdf,2021,geometry_v8,2,1,1,1,,,,2026-08-25T19:34:32
2021/20020089.pdf,20020089,20020089.pdf,2021,geometry_v8,2,1,1,1,,,,2026-08-25T19:34:32
2021/20020090.pdf,20020090,20020090.pdf,2021,geometry_v8,3,2,1,1,,,,2026-08-25T19:34:33
2021/20020096.pdf,20020096,20020096.pdf,2021,geometry_v8,4,1,1,1,,,,2026-08-25T19:34:33
2021/20020097.pdf,20020097,20020097.pdf,2021,geometry_v8,3,2,1,1,,,,2026-08-25T19:34:33
2021/20020098.pdf,20020098,20020098.pdf,2021,geometry_v8,3,2,1,1,,,,2026-08-25T19:34:33
2021/20020099.pdf,20020099,20020099.pdf,2021,geometry_v8,2,1,1,1,,,,2026-08-25T19:34:34
2021/20020102.pdf,20020102,20020102.pdf,2021,geometry_v8,3,1,1,1,,,,2026-08-25T19:34:34
2021/20020106.pdf,20020106,20020106.pdf,2021,geometry_v8,7,2,2,2,,,,2026-08-25T19:34:34
2021/20020112.pdf,20020112,20020112.pdf,2021,geometry_v8,8,2,2,2,,,,2026-08-25T19:34:34
2021/8217820.pdf,8217820,8217820.pdf,2021,needs_fallback,0,0,0,0,,,,2026-08-25T19:34:34
2021/8217840.pdf,8217840,8217840.pdf,2021,needs_fallback,0,0,0,0,,,,2026-08-25T19:34:34
2021/8217844.pdf,8217844,8217844.pdf,2021,needs_fallback,0,0,0,0,,,,2026-08-25T19:34:34
2021/8217846.pdf,8217846,8217846.pdf,2021,needs_fallback,0,0,0,0,,,,2026-08-25T19:34:34
2021/8217852.pdf,8217852,8217852.pdf,2021,needs_fallback,0,0,0,0,,,,2026-08-25T19:34:34
2021/8217856.pdf,8217856,8217856.pdf,2021,needs_fallback,0,0,0,0,,,,2026-08-25T19:34:35
2021/8217868.pdf,8217868,8217868.pdf,2021,needs_fallback,0,0,0,0,,,,2026-08-25T19:34:35
2021/8217869.pdf,8217869,8217869.pdf,2021,needs_fallback,0,0,0,0,,,,2026-08-25T19:34:35
2021/8217870.pdf,8217870,8217870.pdf,2021,needs_fallback,0,0,0,0,,,,2026-08-25T19:34:35
2021/8217876.pdf,8217876,8217876.pdf,2021,needs_fallback,0,0,0,0,,,,2026-08-25T19:34:35
2021/8217884.pdf,8217884,8217884.pdf,2021,needs_fallback,0,0,0,0,,,,2026-08-25T19:34:35
2021/8217886.pdf,8217886,8217886.pdf,2021,needs_fallback,0,0,0,0,,,,2026-08-25T19:34:35
2021/8217887.pdf,8217887,8217887.pdf,2021,needs_fallback,0,0,0,0,,,,2026-08-25T19:34:35
2021/8217894.pdf,8217894,8217894.pdf,2021,needs_fallback,0,0,0,0,,,,2026-08-25T19:34:35
2021/8217902.pdf,8217902,8217902.pdf,2021,needs_fallback,0,0,0,0,,,,2026-08-25T19:34:35
2021/8217905.pdf,8217905,8217905.pdf,2021,needs_fallback,0,0,0,0,,,,2026-08-25T19:34:36
2021/8217906.pdf,8217906,8217906.pdf,2021,needs_fallback,0,0,0,0,,,,2026-08-25T19:34:36
2021/8217912.pdf,8217912,8217912.pdf,2021,needs_fallback,0,0,0,0,,,,2026-08-25T19:34:36
2021/8217925.pdf,8217925,8217925.pdf,2021,needs_fallback,0,0,0,0,,,,2026-08-25T19:34:36
2021/8217926.pdf,8217926,8217926.pdf,2021,needs_fallback,0,0,0,0,,,,2026-08-25T19:34:36
2021/8217927.pdf,8217927,8217927.pdf,2021,needs_fallback,0,0,0,0,,,,2026-08-25T19:34:36
2021/8217928.pdf,8217928,8217928.pdf,2021,needs_fallback,0,0,0,0,,,,2026-08-25T19:34:36
2021/8217934.pdf,8217934,8217934.pdf,2021,needs_fallback,0,0,0,0,,,,2026-08-25T19:34:36
2021/8217937.pdf,8217937,8217937.pdf,2021,needs_fallback,0,0,0,0,,,,2026-08-25T19:34:36
2021/8217938.pdf,8217938,8217938.pdf,2021,needs_fallback,0,0,0,0,,,,2026-08-25T19:34:36
2021/8217939.pdf,8217939,8217939.pdf,2021,needs_fallback,0,0,0,0,,,,2026-08-25T19:34:36
2021/8217977.pdf,8217977,8217977.pdf,2021,needs_fallback,0,0,0,0,,,,2026-08-25T19:34:36
2021/8218027.pdf,8218027,8218027.pdf,2021,needs_fallback,0,0,0,0,,,,2026-08-25T19:34:36
2021/8218028.pdf,8218028,8218028.pdf,2021,needs_fallback,0,0,0,0,,,,2026-08-25T19:34:36
2021/8218029.pdf,8218029,8218029.pdf,2021,needs_fallback,0,0,0,0,,,,2026-08-25T19:34:36
2021/8218030.pdf,8218030,8218030.pdf,2021,needs_fallback,0,0,0,0,,,,2026-08-25T19:34:36
2021/8218031.pdf,8218031,8218031.pdf,2021,needs_fallback,0,0,0,0,,,,2026-08-25T19:34:36
2021/8218040.pdf,8218040,8218040.pdf,2021,needs_fallback,0,0,0,0,,,,2026-08-25T19:34:36
2021/8218054.pdf,8218054,8218054.pdf,2021,needs_fallback,0,0,0,0,,,,2026-08-25T19:34:36
2021/8218059.pdf,8218059,8218059.pdf,2021,needs_fallback,0,0,0,0,,,,2026-08-25T19:34:36
2021/8218062.pdf,8218062,8218062.pdf,2021,needs_fallback,0,0,0,0,,,,2026-08-25T19:34:37
2021/8218078.pdf,8218078,8218078.pdf,2021,needs_fallback,0,0,0,0,,,,2026-08-25T19:34:37
2021/8218082.pdf,8218082,8218082.pdf,2021,needs_fallback,0,0,0,0,,,,2026-08-25T19:34:37
2021/8218083.pdf,8218083,8218083.pdf,2021,needs_fallback,0,0,0,0,,,,2026-08-25T19:34:37
2021/8218108.pdf,8218108,8218108.pdf,2021,needs_fallback,0,0,0,0,,,,2026-08-25T19:34:37
2021/8218109.pdf,8218109,8218109.pdf,2021,needs_fallback,0,0,0,0,,,,2026-08-25T19:34:37
2021/8218110.pdf,8218110,8218110.pdf,2021,needs_fallback,0,0,0,0,,,,2026-08-25T19:34:37
2021/8218111.pdf,8218111,8218111.pdf,2021,needs_fallback,0,0,0,0,,,,2026-08-25T19:34:37
2021/8218112.pdf,8218112,8218112.pdf,2021,needs_fallback,0,0,0,0,,,,2026-08-25T19:34:37
2021/8218113.pdf,8218113,8218113.pdf,2021,needs_fallback,0,0,0,0,,,,2026-08-25T19:34:37
2021/8218114.pdf,8218114,8218114.pdf,2021,needs_fallback,0,0,0,0,,,,2026-08-25T19:34:38
2021/8218126.pdf,8218126,8218126.pdf,2021,needs_fallback,0,0,0,0,,,,2026-08-25T19:34:38
2021/8218132.pdf,8218132,8218132.pdf,2021,needs_fallback,0,0,0,0,,,,2026-08-25T19:34:38
2021/8218139.pdf,8218139,8218139.pdf,2021,needs_fallback,0,0,0,0,,,,2026-08-25T19:34:38
2021/8218140.pdf,8218140,8218140.pdf,2021,needs_fallback,0,0,0,0,,,,2026-08-25T19:34:38
2021/8218144.pdf,8218144,8218144.pdf,2021,needs_fallback,0,0,0,0,,,,2026-08-25T19:34:38
2021/8218147.pdf,8218147,8218147.pdf,2021,needs_fallback,0,0,0,0,,,,2026-08-25T19:34:38
2021/8218157.pdf,8218157,8218157.pdf,2021,needs_fallback,0,0,0,0,,,,2026-08-25T19:34:38
2021/8218167.pdf,8218167,8218167.pdf,2021,needs_fallback,0,0,0,0,,,,2026-08-25T19:34:38
2021/8218182.pdf,8218182,8218182.pdf,2021,needs_fallback,0,0,0,0,,,,2026-08-25T19:34:38
2021/8218183.pdf,8218183,8218183.pdf,2021,needs_fallback,0,0,0,0,,,,2026-08-25T19:34:38
2021/8218196.pdf,8218196,8218196.pdf,2021,needs_fallback,0,0,0,0,,,,2026-08-25T19:34:38
2021/8218220.pdf,8218220,8218220.pdf,2021,needs_fallback,0,0,0,0,,,,2026-08-25T19:34:38
2021/8218261.pdf,8218261,8218261.pdf,2021,needs_fallback,0,0,0,0,,,,2026-08-25T19:34:38
2021/8218262.pdf,8218262,8218262.pdf,2021,needs_fallback,0,0,0,0,,,,2026-08-25T19:34:38
2021/8218296.pdf,8218296,8218296.pdf,2021,needs_fallback,0,0,0,0,,,,2026-08-25T19:34:38
2021/8218297.pdf,8218297,8218297.pdf,2021,needs_fallback,0,0,0,0,,,,2026-08-25T19:34:38
2021/8218311.pdf,8218311,8218311.pdf,2021,needs_fallback,0,0,0,0,,,,2026-08-25T19:34:38
2021/8218312.pdf,8218312,8218312.pdf,2021,needs_fallback,0,0,0,0,,,,2026-08-25T19:34:38
2021/8218321.pdf,8218321,8218321.pdf,2021,needs_fallback,0,0,0,0,,,,2026-08-25T19:34:38
2021/8218328.pdf,8218328,8218328.pdf,2021,needs_fallback,0,0,0,0,,,,2026-08-25T19:34:39
2021/8218329.pdf,8218329,8218329.pdf,2021,needs_fallback,0,0,0,0,,,,2026-08-25T19:34:39
2021/8218330.pdf,8218330,8218330.pdf,2021,needs_fallback,0,0,0,0,,,,2026-08-25T19:34:39
2021/8218338.pdf,8218338,8218338.pdf,2021,needs_fallback,0,0,0,0,,,,2026-08-25T19:34:39
2021/8218358.pdf,8218358,8218358.pdf,2021,needs_fallback,0,0,0,0,,,,2026-08-25T19:34:39
2021/8218359.pdf,8218359,8218359.pdf,2021,needs_fallback,0,0,0,0,,,,2026-08-25T19:34:39
2021/8218370.pdf,8218370,8218370.pdf,2021,needs_fallback,0,0,0,0,,,,2026-08-25T19:34:39
2021/8218371.pdf,8218371,8218371.pdf,2021,needs_fallback,0,0,0,0,,,,2026-08-25T19:34:39
2021/8218372.pdf,8218372,8218372.pdf,2021,needs_fallback,0,0,0,0,,,,2026-08-25T19:34:39
2021/8218373.pdf,8218373,8218373.pdf,2021,needs_fallback,0,0,0,0,,,,2026-08-25T19:34:39
2021/8218374.pdf,8218374,8218374.pdf,2021,needs_fallback,0,0,0,0,,,,2026-08-25T19:34:40
2021/8218375.pdf,8218375,8218375.pdf,2021,needs_fallback,0,0,0,0,,,,2026-08-25T19:34:40
2021/8218376.pdf,8218376,8218376.pdf,2021,needs_fallback,0,0,0,0,,,,2026-08-25T19:34:40
2021/8218379.pdf,8218379,8218379.pdf,2021,needs_fallback,0,0,0,0,,,,2026-08-25T19:34:40
2021/8218380.pdf,8218380,8218380.pdf,2021,needs_fallback,0,0,0,0,,,,2026-08-25T19:34:40
2021/8218381.pdf,8218381,8218381.pdf,2021,needs_fallback,0,0,0,0,,,,2026-08-25T19:34:40
2021/8218386.pdf,8218386,8218386.pdf,2021,needs_fallback,0,0,0,0,,,,2026-08-25T19:34:40
2021/8218397.pdf,8218397,8218397.pdf,2021,needs_fallback,0,0,0,0,,,,2026-08-25T19:34:40
2021/8218398.pdf,8218398,8218398.pdf,2021,needs_fallback,0,0,0,0,,,,2026-08-25T19:34:40
2021/8218405.pdf,8218405,8218405.pdf,2021,needs_fallback,0,0,0,0,,,,2026-08-25T19:34:40
2021/8218408.pdf,8218408,8218408.pdf,2021,needs_fallback,0,0,0,0,,,,2026-08-25T19:34:40
2021/8218410.pdf,8218410,8218410.pdf,2021,needs_fallback,0,0,0,0,,,,2026-08-25T19:34:40
2021/8218411.pdf,8218411,8218411.pdf,2021,needs_fallback,0,0,0,0,,,,2026-08-25T19:34:40
2021/8218413.pdf,8218413,8218413.pdf,2021,needs_fallback,0,0,0,0,,,,2026-08-25T19:34:41
2021/8218414.pdf,8218414,8218414.pdf,2021,needs_fallback,0,0,0,0,,,,2026-08-25T19:34:41
2021/8218417.pdf,8218417,8218417.pdf,2021,needs_fallback,0,0,0,0,,,,2026-08-25T19:34:41
2021/8218424.pdf,8218424,8218424.pdf,2021,needs_fallback,0,0,0,0,,,,2026-08-25T19:34:41
2021/8218426.pdf,8218426,8218426.pdf,2021,needs_fallback,0,0,0,0,,,,2026-08-25T19:34:41
2021/8218433.pdf,8218433,8218433.pdf,2021,needs_fallback,0,0,0,0,,,,2026-08-25T19:34:41
2021/8218436.pdf,8218436,8218436.pdf,2021,needs_fallback,0,0,0,0,,,,2026-08-25T19:34:41
2021/8218441.pdf,8218441,8218441.pdf,2021,needs_fallback,0,0,0,0,,,,2026-08-25T19:34:41
2021/8218442.pdf,8218442,8218442.pdf,2021,needs_fallback,0,0,0,0,,,,2026-08-25T19:34:41
2021/8218460.pdf,8218460,8218460.pdf,2021,needs_fallback,0,0,0,0,,,,2026-08-25T19:34:41
2021/8218477.pdf,8218477,8218477.pdf,2021,needs_fallback,0,0,0,0,,,,2026-08-25T19:34:41
2021/8218478.pdf,8218478,8218478.pdf,2021,needs_fallback,0,0,0,0,,,,2026-08-25T19:34:41
2021/8218481.pdf,8218481,8218481.pdf,2021,needs_fallback,0,0,0,0,,,,2026-08-25T19:34:41
2021/8218489.pdf,8218489,8218489.pdf,2021,needs_fallback,0,0,0,0,,,,2026-08-25T19:34:41
2021/8218490.pdf,8218490,8218490.pdf,2021,needs_fallback,0,0,0,0,,,,2026-08-25T19:34:41
2021/8218491.pdf,8218491,8218491.pdf,2021,needs_fallback,0,0,0,0,,,,2026-08-25T19:34:41
2021/8218500.pdf,8218500,8218500.pdf,2021,needs_fallback,0,0,0,0,,,,2026-08-25T19:34:41
2021/8218505.pdf,8218505,8218505.pdf,2021,needs_fallback,0,0,0,0,,,,2026-08-25T19:34:42
2021/8218506.pdf,8218506,8218506.pdf,2021,needs_fallback,0,0,0,0,,,,2026-08-25T19:34:42
2021/8218507.pdf,8218507,8218507.pdf,2021,needs_fallback,0,0,0,0,,,,2026-08-25T19:34:42
2021/8218512.pdf,8218512,8218512.pdf,2021,needs_fallback,0,0,0,0,,,,2026-08-25T19:34:42
2021/8218519.pdf,8218519,8218519.pdf,2021,needs_fallback,0,0,0,0,,,,2026-08-25T19:34:42
2021/8218522.pdf,8218522,8218522.pdf,2021,needs_fallback,0,0,0,0,,,,2026-08-25T19:34:42
2021/8218523.pdf,8218523,8218523.pdf,2021,needs_fallback,0,0,0,0,,,,2026-08-25T19:34:42
2021/8218541.pdf,8218541,8218541.pdf,2021,needs_fallback,0,0,0,0,,,,2026-08-25T19:34:42
2021/8218581.pdf,8218581,8218581.pdf,2021,needs_fallback,0,0,0,0,,,,2026-08-25T19:34:42
2021/8219063.pdf,8219063,8219063.pdf,2021,needs_fallback,0,0,0,0,,,,2026-08-25T19:34:42
2022/20009266.pdf,20009266,20009266.pdf,2022,geometry_v8,5,2,1,1,,,,2026-08-25T19:34:43
2022/20011775.pdf,20011775,20011775.pdf,2022,geometry_v8,1,1,1,1,,,,2026-08-25T19:34:43
2022/20017965.pdf,20017965,20017965.pdf,2022,geometry_v8,1,2,1,1,,,,2026-08-25T19:34:43
2022/20019881.pdf,20019881,20019881.pdf,2022,geometry_v8,14,3,3,3,,,,2026-08-25T19:34:44
2022/20020047.pdf,20020047,20020047.pdf,2022,geometry_v8,14,3,3,3,,,,2026-08-25T19:34:45
2022/20020080.pdf,20020080,20020080.pdf,2022,geometry_v8,1,1,1,1,,,,2026-08-25T19:34:45
2022/20020104.pdf,20020104,20020104.pdf,2022,geometry_v8,2,1,1,1,,,,2026-08-25T19:34:45
2022/20020121.pdf,20020121,20020121.pdf,2022,geometry_v8,2,1,1,1,,,,2026-08-25T19:34:45
2022/20020133.pdf,20020133,20020133.pdf,2022,geometry_v8,5,2,1,1,,,,2026-08-25T19:34:46
2022/20020134.pdf,20020134,20020134.pdf,2022,geometry_v8,1,1,1,1,,,,2026-08-25T19:34:46
2022/20020135.pdf,20020135,20020135.pdf,2022,geometry_v8,2,1,1,1,,,,2026-08-25T19:34:47
2022/20020143.pdf,20020143,20020143.pdf,2022,geometry_v8,2,1,1,1,,,,2026-08-25T19:34:47
2022/20020145.pdf,20020145,20020145.pdf,2022,geometry_v8,2,1,1,1,,,,2026-08-25T19:34:47
2022/20020152.pdf,20020152,20020152.pdf,2022,geometry_v8,7,2,2,2,,,,2026-08-25T19:34:48
2022/20020153.pdf,20020153,20020153.pdf,2022,geometry_v8,6,2,1,1,,,,2026-08-25T19:34:48
2022/20020154.pdf,20020154,20020154.pdf,2022,geometry_v8,31,5,4,4,,,,2026-08-25T19:34:49
2022/20020158.pdf,20020158,20020158.pdf,2022,geometry_v8,6,2,1,1,,,,2026-08-25T19:34:49
2022/20020161.pdf,20020161,20020161.pdf,2022,geometry_v8,1,1,1,1,,,,2026-08-25T19:34:49
2022/20020166.pdf,20020166,20020166.pdf,2022,geometry_v8,1,1,1,1,,,,2026-08-25T19:34:49
2022/20020167.pdf,20020167,20020167.pdf,2022,geometry_v8,1,1,1,1,,,,2026-08-25T19:34:49
2022/20020168.pdf,20020168,20020168.pdf,2022,geometry_v8,1,1,1,1,,,,2026-08-25T19:34:50
2022/20020179.pdf,20020179,20020179.pdf,2022,geometry_v8,1,1,1,1,,,,2026-08-25T19:34:50
2022/20020182.pdf,20020182,20020182.pdf,2022,geometry_v8,9,2,2,2,,,,2026-08-25T19:34:50
2022/20020184.pdf,20020184,20020184.pdf,2022,geometry_v8,11,2,2,2,,,,2026-08-25T19:34:51
2022/20020188.pdf,20020188,20020188.pdf,2022,geometry_v8,12,3,2,2,,,,2026-08-25T19:34:51
2022/20020189.pdf,20020189,20020189.pdf,2022,geometry_v8,3,1,1,1,,,,2026-08-25T19:34:51
2022/20020191.pdf,20020191,20020191.pdf,2022,geometry_v8,4,2,1,1,,,,2026-08-25T19:34:52
2022/20020194.pdf,20020194,20020194.pdf,2022,geometry_v8,9,2,2,2,,,,2026-08-25T19:34:52
2022/20020195.pdf,20020195,20020195.pdf,2022,geometry_v8,2,1,1,1,,,,2026-08-25T19:34:52
2022/20020196.pdf,20020196,20020196.pdf,2022,geometry_v8,1,1,1,1,,,,2026-08-25T19:34:52
2022/20020197.pdf,20020197,20020197.pdf,2022,geometry_v8,1,1,1,1,,,,2026-08-25T19:34:53
2022/20020202.pdf,20020202,20020202.pdf,2022,geometry_v8,19,4,3,3,,,,2026-08-25T19:34:53
2022/20020208.pdf,20020208,20020208.pdf,2022,geometry_v8,2,1,1,1,,,,2026-08-25T19:34:54
2022/20020216.pdf,20020216,20020216.pdf,2022,geometry_v8,1,1,1,1,,,,2026-08-25T19:34:54
2022/20020231.pdf,20020231,20020231.pdf,2022,geometry_v8,2,1,1,1,,,,2026-08-25T19:34:54
2022/20020233.pdf,20020233,20020233.pdf,2022,geometry_v8,2,1,1,1,,,,2026-08-25T19:34:54
2022/20020235.pdf,20020235,20020235.pdf,2022,geometry_v8,14,3,2,2,,,,2026-08-25T19:34:54
2022/20020237.pdf,20020237,20020237.pdf,2022,geometry_v8,1,1,1,1,,,,2026-08-25T19:34:55
2022/20020238.pdf,20020238,20020238.pdf,2022,geometry_v8,1,1,1,1,,,,2026-08-25T19:34:55
2022/20020243.pdf,20020243,20020243.pdf,2022,geometry_v8,7,2,2,2,,,,2026-08-25T19:34:55
2022/20020251.pdf,20020251,20020251.pdf,2022,geometry_v8,28,5,4,4,,,,2026-08-25T19:34:57
2022/20020253.pdf,20020253,20020253.pdf,2022,geometry_v8,6,2,2,2,,,,2026-08-25T19:34:57
2022/20020263.pdf,20020263,20020263.pdf,2022,geometry_v8,4,1,1,1,,,,2026-08-25T19:34:57
2022/20020270.pdf,20020270,20020270.pdf,2022,geometry_v8,1,1,1,1,,,,2026-08-25T19:34:57
2022/20020271.pdf,20020271,20020271.pdf,2022,geometry_v8,3,2,1,1,,,,2026-08-25T19:34:58
2022/20020274.pdf,20020274,20020274.pdf,2022,geometry_v8,1,1,1,1,,,,2026-08-25T19:34:58
2022/20020278.pdf,20020278,20020278.pdf,2022,geometry_v8,4,1,1,1,,,,2026-08-25T19:34:58
2022/20020290.pdf,20020290,20020290.pdf,2022,geometry_v8,3,1,1,1,,,,2026-08-25T19:34:58
2022/20020300.pdf,20020300,20020300.pdf,2022,geometry_v8,2,1,1,1,,,,2026-08-25T19:34:58
2022/20020305.pdf,20020305,20020305.pdf,2022,geometry_v8,1,1,1,1,,,,2026-08-25T19:34:59
2022/20020307.pdf,20020307,20020307.pdf,2022,geometry_v8,1,1,1,1,,,,2026-08-25T19:35:00
2022/20020310.pdf,20020310,20020310.pdf,2022,geometry_v8,4,1,1,1,,,,2026-08-25T19:35:00
2022/20020315.pdf,20020315,20020315.pdf,2022,geometry_v8,2,1,1,1,,,,2026-08-25T19:35:00
2022/20020321.pdf,20020321,20020321.pdf,2022,geometry_v8,2,1,1,1,,,,2026-08-25T19:35:00
2022/20020322.pdf,20020322,20020322.pdf,2022,geometry_v8,3,2,1,1,,,,2026-08-25T19:35:00
2022/20020323.pdf,20020323,20020323.pdf,2022,geometry_v8,1,1,1,1,,,,2026-08-25T19:35:01
2022/20020330.pdf,20020330,20020330.pdf,2022,geometry_v8,1,1,1,1,,,,2026-08-25T19:35:01
2022/20020331.pdf,20020331,20020331.pdf,2022,geometry_v8,1,1,1,1,,,,2026-08-25T19:35:01
2022/20020333.pdf,20020333,20020333.pdf,2022,geometry_v8,1,1,1,1,,,,2026-08-25T19:35:01
2022/20020334.pdf,20020334,20020334.pdf,2022,geometry_v8,1,1,1,1,,,,2026-08-25T19:35:01
2022/20020344.pdf,20020344,20020344.pdf,2022,geometry_v8,1,1,1,1,,,,2026-08-25T19:35:02
2022/20020354.pdf,20020354,20020354.pdf,2022,geometry_v8,48,7,7,7,,,,2026-08-25T19:35:04
2022/20020355.pdf,20020355,20020355.pdf,2022,geometry_v8,27,4,3,3,,,,2026-08-25T19:35:05
2022/20020358.pdf,20020358,20020358.pdf,2022,geometry_v8,1,1,1,1,,,,2026-08-25T19:35:05
2022/20020359.pdf,20020359,20020359.pdf,2022,geometry_v8,5,2,2,2,,,,2026-08-25T19:35:05
2022/20020362.pdf,20020362,20020362.pdf,2022,geometry_v8,4,2,1,1,,,,2026-08-25T19:35:05
2022/20020367.pdf,20020367,20020367.pdf,2022,geometry_v8,9,2,2,2,,,,2026-08-25T19:35:06
2022/20020369.pdf,20020369,20020369.pdf,2022,geometry_v8,3,2,1,1,,,,2026-08-25T19:35:06
2022/20020370.pdf,20020370,20020370.pdf,2022,geometry_v8,4,2,1,1,,,,2026-08-25T19:35:06
2022/20020374.pdf,20020374,20020374.pdf,2022,geometry_v8,3,1,1,1,,,,2026-08-25T19:35:06
2022/20020386.pdf,20020386,20020386.pdf,2022,geometry_v8,1,1,1,1,,,,2026-08-25T19:35:07
2022/20020391.pdf,20020391,20020391.pdf,2022,geometry_v8,10,3,2,2,,,,2026-08-25T19:35:08
2022/20020393.pdf,20020393,20020393.pdf,2022,geometry_v8,35,5,5,5,,,,2026-08-25T19:35:09
2022/20020396.pdf,20020396,20020396.pdf,2022,geometry_v8,4,2,1,1,,,,2026-08-25T19:35:09
2022/20020399.pdf,20020399,20020399.pdf,2022,geometry_v8,1,1,1,1,,,,2026-08-25T19:35:09
2022/20020401.pdf,20020401,20020401.pdf,2022,geometry_v8,16,3,3,3,,,,2026-08-25T19:35:10
2022/20020413.pdf,20020413,20020413.pdf,2022,geometry_v8,1,1,1,1,,,,2026-08-25T19:35:10
2022/20020414.pdf,20020414,20020414.pdf,2022,geometry_v8,1,1,1,1,,,,2026-08-25T19:35:10
2022/20020415.pdf,20020415,20020415.pdf,2022,geometry_v8,1,1,1,1,,,,2026-08-25T19:35:10
2022/20020422.pdf,20020422,20020422.pdf,2022,geometry_v8,6,2,2,2,,,,2026-08-25T19:35:10
2022/20020423.pdf,20020423,20020423.pdf,2022,geometry_v8,58,8,7,7,,,,2026-08-25T19:35:14
2022/20020427.pdf,20020427,20020427.pdf,2022,geometry_v8,1,1,1,1,,,,2026-08-25T19:35:14
2022/20020436.pdf,20020436,20020436.pdf,2022,geometry_v8,1,1,1,1,,,,2026-08-25T19:35:14
2022/20020442.pdf,20020442,20020442.pdf,2022,geometry_v8,6,2,2,2,,,,2026-08-25T19:35:15
2022/20020443.pdf,20020443,20020443.pdf,2022,geometry_v8,29,4,4,4,,,,2026-08-25T19:35:17
2022/20020446.pdf,20020446,20020446.pdf,2022,geometry_v8,11,2,2,2,,,,2026-08-25T19:35:17
2022/20020448.pdf,20020448,20020448.pdf,2022,geometry_v8,3,2,1,1,,,,2026-08-25T19:35:17
2022/20020458.pdf,20020458,20020458.pdf,2022,geometry_v8,3,2,1,1,,,,2026-08-25T19:35:17
2022/20020462.pdf,20020462,20020462.pdf,2022,geometry_v8,3,2,1,1,,,,2026-08-25T19:35:17
2022/20020470.pdf,20020470,20020470.pdf,2022,geometry_v8,19,3,3,3,,,,2026-08-25T19:35:18
2022/20020473.pdf,20020473,20020473.pdf,2022,geometry_v8,1,1,1,1,,,,2026-08-25T19:35:19
2022/20020474.pdf,20020474,20020474.pdf,2022,geometry_v8,8,2,2,2,,,,2026-08-25T19:35:19
2022/20020477.pdf,20020477,20020477.pdf,2022,geometry_v8,1,1,1,1,,,,2026-08-25T19:35:19
2022/20020478.pdf,20020478,20020478.pdf,2022,geometry_v8,4,1,1,1,,,,2026-08-25T19:35:19
2022/20020479.pdf,20020479,20020479.pdf,2022,geometry_v8,3,2,1,1,,,,2026-08-25T19:35:19
2022/20020481.pdf,20020481,20020481.pdf,2022,geometry_v8,9,2,2,2,,,,2026-08-25T19:35:20
2022/20020486.pdf,20020486,20020486.pdf,2022,geometry_v8,1,1,1,1,,,,2026-08-25T19:35:20
2022/20020487.pdf,20020487,20020487.pdf,2022,geometry_v8,2,1,1,1,,,,2026-08-25T19:35:20
2022/20020492.pdf,20020492,20020492.pdf,2022,geometry_v8,2,1,1,1,,,,2026-08-25T19:35:20
2022/20020501.pdf,20020501,20020501.pdf,2022,geometry_v8,3,2,1,1,,,,2026-08-25T19:35:20
2022/20020504.pdf,20020504,20020504.pdf,2022,geometry_v8,4,2,1,1,,,,2026-08-25T19:35:21
2022/20020507.pdf,20020507,20020507.pdf,2022,geometry_v8,2,1,1,1,,,,2026-08-25T19:35:21
2022/20020515.pdf,20020515,20020515.pdf,2022,geometry_v8,5,2,1,1,,,,2026-08-25T19:35:21
2022/20020538.pdf,20020538,20020538.pdf,2022,geometry_v8,1,1,1,1,,,,2026-08-25T19:35:21
2022/20020543.pdf,20020543,20020543.pdf,2022,geometry_v8,23,3,3,3,2,,,2026-08-25T19:35:22
2022/20020544.pdf,20020544,20020544.pdf,2022,geometry_v8,1,1,1,1,,,,2026-08-25T19:35:22
2022/20020545.pdf,20020545,20020545.pdf,2022,geometry_v8,2,1,1,1,,,,2026-08-25T19:35:23
2022/20020552.pdf,20020552,20020552.pdf,2022,geometry_v8,31,5,4,4,,,,2026-08-25T19:35:24
2022/20020559.pdf,20020559,20020559.pdf,2022,geometry_v8,23,4,4,4,,,,2026-08-25T19:35:25
2022/20020560.pdf,20020560,20020560.pdf,2022,geometry_v8,3,2,1,1,,,,2026-08-25T19:35:25
2022/20020561.pdf,20020561,20020561.pdf,2022,geometry_v8,5,2,1,1,,,,2026-08-25T19:35:26
2022/20020562.pdf,20020562,20020562.pdf,2022,geometry_v8,2,1,1,1,,,,2026-08-25T19:35:26
2022/20020563.pdf,20020563,20020563.pdf,2022,geometry_v8,4,2,1,1,,,,2026-08-25T19:35:26
2022/20020564.pdf,20020564,20020564.pdf,2022,geometry_v8,3,2,1,1,,,,2026-08-25T19:35:26
2022/20020565.pdf,20020565,20020565.pdf,2022,geometry_v8,3,2,1,1,,,,2026-08-25T19:35:27
2022/20020568.pdf,20020568,20020568.pdf,2022,geometry_v8,10,2,2,2,,,,2026-08-25T19:35:27
2022/20020569.pdf,20020569,20020569.pdf,2022,geometry_v8,4,2,1,1,,,,2026-08-25T19:35:27
2022/20020571.pdf,20020571,20020571.pdf,2022,geometry_v8,4,2,1,1,,,,2026-08-25T19:35:28
2022/20020572.pdf,20020572,20020572.pdf,2022,geometry_v8,2,1,1,1,,,,2026-08-25T19:35:28
2022/20020573.pdf,20020573,20020573.pdf,2022,geometry_v8,37,5,5,5,,,,2026-08-25T19:35:31
2022/20020574.pdf,20020574,20020574.pdf,2022,geometry_v8,10,2,2,2,,,,2026-08-25T19:35:32
2022/20020576.pdf,20020576,20020576.pdf,2022,geometry_v8,1,1,1,1,,,,2026-08-25T19:35:32
2022/20020585.pdf,20020585,20020585.pdf,2022,geometry_v8,2,1,1,1,,,,2026-08-25T19:35:32
2022/20020586.pdf,20020586,20020586.pdf,2022,geometry_v8,2,1,1,1,,,,2026-08-25T19:35:32
2022/20020587.pdf,20020587,20020587.pdf,2022,geometry_v8,6,2,1,1,,,,2026-08-25T19:35:32
2022/20020589.pdf,20020589,20020589.pdf,2022,geometry_v8,1,1,1,1,,,,2026-08-25T19:35:32
2022/20020617.pdf,20020617,20020617.pdf,2022,geometry_v8,1,1,1,1,,,,2026-08-25T19:35:32
2022/20020618.pdf,20020618,20020618.pdf,2022,geometry_v8,5,2,2,2,,,,2026-08-25T19:35:33
2022/20020629.pdf,20020629,20020629.pdf,2022,geometry_v8,33,5,4,4,,,,2026-08-25T19:35:34
2022/20020632.pdf,20020632,20020632.pdf,2022,geometry_v8,1,1,1,1,,,,2026-08-25T19:35:34
2022/20020641.pdf,20020641,20020641.pdf,2022,geometry_v8,1,1,1,1,,,,2026-08-25T19:35:35
2022/20020642.pdf,20020642,20020642.pdf,2022,geometry_v8,3,1,1,1,,,,2026-08-25T19:35:35
2022/20020644.pdf,20020644,20020644.pdf,2022,geometry_v8,1,1,1,1,,,,2026-08-25T19:35:35
2022/20020648.pdf,20020648,20020648.pdf,2022,geometry_v8,14,3,2,2,,,,2026-08-25T19:35:35
2022/20020654.pdf,20020654,20020654.pdf,2022,geometry_v8,4,2,1,1,,,,2026-08-25T19:35:36
2022/20020661.pdf,20020661,20020661.pdf,2022,geometry_v8,1,1,1,1,,,,2026-08-25T19:35:36
2022/20020662.pdf,20020662,20020662.pdf,2022,geometry_v8,1,1,1,1,,,,2026-08-25T19:35:36
2022/20020670.pdf,20020670,20020670.pdf,2022,geometry_v8,1,1,1,1,,,,2026-08-25T19:35:36
2022/20020672.pdf,20020672,20020672.pdf,2022,geometry_v8,2,1,1,1,,,,2026-08-25T19:35:36
2022/20020675.pdf,20020675,20020675.pdf,2022,geometry_v8,68,8,8,8,,,,2026-08-25T19:35:39
2022/20020676.pdf,20020676,20020676.pdf,2022,geometry_v8,3,2,1,1,,,,2026-08-25T19:35:40
2022/20020677.pdf,20020677,20020677.pdf,2022,geometry_v8,1,1,1,1,,,,2026-08-25T19:35:40
2022/20020678.pdf,20020678,20020678.pdf,2022,geometry_v8,1,1,1,1,,,,2026-08-25T19:35:40
2022/20020679.pdf,20020679,20020679.pdf,2022,geometry_v8,14,3,2,2,,,,2026-08-25T19:35:40
2022/20020684.pdf,20020684,20020684.pdf,2022,geometry_v8,23,4,3,3,,,,2026-08-25T19:35:41
2022/20020690.pdf,20020690,20020690.pdf,2022,geometry_v8,1,1,1,1,,,,2026-08-25T19:35:41
2022/20020708.pdf,20020708,20020708.pdf,2022,geometry_v8,1,2,1,1,,,,2026-08-25T19:35:41
2022/20020712.pdf,20020712,20020712.pdf,2022,geometry_v8,4,2,1,1,,,,2026-08-25T19:35:42
2022/20020718.pdf,20020718,20020718.pdf,2022,geometry_v8,27,4,3,3,,,,2026-08-25T19:35:44
2022/20020725.pdf,20020725,20020725.pdf,2022,geometry_v8,2,1,1,1,,,,2026-08-25T19:35:44
2022/20020731.pdf,20020731,20020731.pdf,2022,geometry_v8,2,1,1,1,,,,2026-08-25T19:35:45
2022/20020732.pdf,20020732,20020732.pdf,2022,geometry_v8,23,4,3,3,,,,2026-08-25T19:35:46
2022/20020733.pdf,20020733,20020733.pdf,2022,geometry_v8,1,1,1,1,,,,2026-08-25T19:35:46
2022/20020740.pdf,20020740,20020740.pdf,2022,geometry_v8,1,1,1,1,,,,2026-08-25T19:35:46
2022/20020742.pdf,20020742,20020742.pdf,2022,geometry_v8,5,2,1,1,,,,2026-08-25T19:35:47
2022/20020748.pdf,20020748,20020748.pdf,2022,geometry_v8,13,3,2,2,,,,2026-08-25T19:35:47
2022/20020753.pdf,20020753,20020753.pdf,2022,geometry_v8,3,2,1,1,,,,2026-08-25T19:35:47
2022/20020754.pdf,20020754,20020754.pdf,2022,geometry_v8,3,1,1,1,,,,2026-08-25T19:35:48
2022/20020767.pdf,20020767,20020767.pdf,2022,geometry_v8,9,2,2,2,,,,2026-08-25T19:35:48
2022/20020769.pdf,20020769,20020769.pdf,2022,geometry_v8,1,1,1,1,,,,2026-08-25T19:35:48
2022/20020770.pdf,20020770,20020770.pdf,2022,geometry_v8,4,2,1,1,,,,2026-08-25T19:35:49
2022/20020773.pdf,20020773,20020773.pdf,2022,geometry_v8,2,1,1,1,,,,2026-08-25T19:35:49
2022/20020774.pdf,20020774,20020774.pdf,2022,geometry_v8,8,2,2,2,,,,2026-08-25T19:35:50
2022/20020775.pdf,20020775,20020775.pdf,2022,geometry_v8,4,2,1,1,,,,2026-08-25T19:35:50
2022/20020780.pdf,20020780,20020780.pdf,2022,geometry_v8,2,1,1,1,,,,2026-08-25T19:35:50
2022/20020781.pdf,20020781,20020781.pdf,2022,geometry_v8,1,1,1,1,,,,2026-08-25T19:35:50
2022/20020782.pdf,20020782,20020782.pdf,2022,geometry_v8,4,2,1,1,,,,2026-08-25T19:35:50
2022/20020783.pdf,20020783,20020783.pdf,2022,geometry_v8,6,2,1,1,,,,2026-08-25T19:35:50
2022/20020786.pdf,20020786,20020786.pdf,2022,geometry_v8,56,7,7,7,,,,2026-08-25T19:35:53
2022/20020789.pdf,20020789,20020789.pdf,2022,geometry_v8,20,4,3,3,,,,2026-08-25T19:35:54
2022/20020792.pdf,20020792,20020792.pdf,2022,geometry_v8,2,2,1,1,,,,2026-08-25T19:35:55
2022/20020793.pdf,20020793,20020793.pdf,2022,geometry_v8,17,3,3,3,,,,2026-08-25T19:35:56
2022/20020798.pdf,20020798,20020798.pdf,2022,geometry_v8,2,1,1,1,,,,2026-08-25T19:35:57
2022/20020811.pdf,20020811,20020811.pdf,2022,geometry_v8,1,1,1,1,,,,2026-08-25T19:35:57
2022/20020813.pdf,20020813,20020813.pdf,2022,geometry_v8,1,1,1,1,,,,2026-08-25T19:35:57
2022/20020815.pdf,20020815,20020815.pdf,2022,geometry_v8,1,1,1,1,,,,2026-08-25T19:35:57
2022/20020828.pdf,20020828,20020828.pdf,2022,geometry_v8,83,10,10,10,,,,2026-08-25T19:36:02
2022/20020830.pdf,20020830,20020830.pdf,2022,geometry_v8,3,2,1,1,,,,2026-08-25T19:36:02
2022/20020865.pdf,20020865,20020865.pdf,2022,geometry_v8,9,2,2,2,,,,2026-08-25T19:36:02
2022/20020866.pdf,20020866,20020866.pdf,2022,geometry_v8,1,1,1,1,,,,2026-08-25T19:36:03
2022/20020868.pdf,20020868,20020868.pdf,2022,geometry_v8,2,2,1,1,,,,2026-08-25T19:36:04
2022/20020873.pdf,20020873,20020873.pdf,2022,geometry_v8,1,1,1,1,,,,2026-08-25T19:36:04
2022/20020875.pdf,20020875,20020875.pdf,2022,geometry_v8,2,2,1,1,,,,2026-08-25T19:36:04
2022/20020892.pdf,20020892,20020892.pdf,2022,geometry_v8,1,1,1,1,,,,2026-08-25T19:36:04
2022/20020894.pdf,20020894,20020894.pdf,2022,geometry_v8,4,2,1,1,,,,2026-08-25T19:36:04
2022/20020895.pdf,20020895,20020895.pdf,2022,geometry_v8,3,1,1,1,,,,2026-08-25T19:36:05
2022/20020914.pdf,20020914,20020914.pdf,2022,geometry_v8,38,5,4,4,,,,2026-08-25T19:36:06
2022/20020915.pdf,20020915,20020915.pdf,2022,geometry_v8,4,2,1,1,,,,2026-08-25T19:36:06
2022/20020916.pdf,20020916,20020916.pdf,2022,geometry_v8,1,1,1,1,,,,2026-08-25T19:36:07
2022/20020917.pdf,20020917,20020917.pdf,2022,geometry_v8,1,1,1,1,,,,2026-08-25T19:36:07
2022/20020919.pdf,20020919,20020919.pdf,2022,geometry_v8,10,2,2,2,,,,2026-08-25T19:36:08
2022/20020920.pdf,20020920,20020920.pdf,2022,geometry_v8,1,1,1,1,,,,2026-08-25T19:36:08
2022/20020925.pdf,20020925,20020925.pdf,2022,geometry_v8,6,2,1,1,,,,2026-08-25T19:36:08
2022/20020929.pdf,20020929,20020929.pdf,2022,geometry_v8,15,3,2,2,,,,2026-08-25T19:36:09
2022/20020937.pdf,20020937,20020937.pdf,2022,geometry_v8,3,1,1,1,,,,2026-08-25T19:36:09
2022/20020943.pdf,20020943,20020943.pdf,2022,geometry_v8,4,2,1,1,,,,2026-08-25T19:36:09
2022/20020955.pdf,20020955,20020955.pdf,2022,geometry_v8,9,2,2,2,,,,2026-08-25T19:36:10
2022/20020956.pdf,20020956,20020956.pdf,2022,geometry_v8,42,6,5,5,,,,2026-08-25T19:36:13
2022/20020959.pdf,20020959,20020959.pdf,2022,geometry_v8,1,1,1,1,,,,2026-08-25T19:36:13
2022/20020964.pdf,20020964,20020964.pdf,2022,geometry_v8,6,2,1,1,,,,2026-08-25T19:36:13
2022/20020973.pdf,20020973,20020973.pdf,2022,geometry_v8,1,1,1,1,,,,2026-08-25T19:36:14
2022/20020983.pdf,20020983,20020983.pdf,2022,geometry_v8,118,16,15,15,,,,2026-08-25T19:36:21
2022/20020987.pdf,20020987,20020987.pdf,2022,geometry_v8,1,1,1,1,,,,2026-08-25T19:36:21
2022/20020989.pdf,20020989,20020989.pdf,2022,geometry_v8,3,2,1,1,,,,2026-08-25T19:36:21
2022/20020995.pdf,20020995,20020995.pdf,2022,geometry_v8,9,2,2,2,,,,2026-08-25T19:36:22
2022/20020998.pdf,20020998,20020998.pdf,2022,geometry_v8,1,1,1,1,,,,2026-08-25T19:36:22
2022/20021007.pdf,20021007,20021007.pdf,2022,geometry_v8,3,2,1,1,,,,2026-08-25T19:36:22
2022/20021015.pdf,20021015,20021015.pdf,2022,geometry_v8,5,1,1,1,,,,2026-08-25T19:36:22
2022/20021044.pdf,20021044,20021044.pdf,2022,geometry_v8,1,1,1,1,,,,2026-08-25T19:36:22
2022/20021045.pdf,20021045,20021045.pdf,2022,geometry_v8,7,2,2,2,,,,2026-08-25T19:36:23
2022/20021049.pdf,20021049,20021049.pdf,2022,geometry_v8,1,1,1,1,,,,2026-08-25T19:36:24
2022/20021050.pdf,20021050,20021050.pdf,2022,geometry_v8,1,1,1,1,,,,2026-08-25T19:36:24
2022/20021052.pdf,20021052,20021052.pdf,2022,geometry_v8,1,1,1,1,,,,2026-08-25T19:36:24
2022/20021082.pdf,20021082,20021082.pdf,2022,geometry_v8,5,2,1,1,,,,2026-08-25T19:36:24
2022/20021083.pdf,20021083,20021083.pdf,2022,geometry_v8,1,1,1,1,,,,2026-08-25T19:36:24
2022/20021089.pdf,20021089,20021089.pdf,2022,geometry_v8,1,1,1,1,,,,2026-08-25T19:36:24
2022/20021090.pdf,20021090,20021090.pdf,2022,geometry_v8,3,2,1,1,,,,2026-08-25T19:36:24
2022/20021091.pdf,20021091,20021091.pdf,2022,geometry_v8,1,1,1,1,,,,2026-08-25T19:36:25
2022/20021093.pdf,20021093,20021093.pdf,2022,geometry_v8,2,1,1,1,,,,2026-08-25T19:36:25
2022/20021096.pdf,20021096,20021096.pdf,2022,geometry_v8,1,2,1,1,,,,2026-08-25T19:36:25
2022/20021099.pdf,20021099,20021099.pdf,2022,geometry_v8,1,1,1,1,,,,2026-08-25T19:36:26
2022/20021108.pdf,20021108,20021108.pdf,2022,geometry_v8,5,2,1,1,,,,2026-08-25T19:36:26
2022/20021112.pdf,20021112,20021112.pdf,2022,geometry_v8,24,4,4,4,,,,2026-08-25T19:36:28
2022/20021120.pdf,20021120,20021120.pdf,2022,geometry_v8,2,1,1,1,,,,2026-08-25T19:36:29
2022/20021121.pdf,20021121,20021121.pdf,2022,geometry_v8,1,1,1,1,,,,2026-08-25T19:36:29
2022/20021124.pdf,20021124,20021124.pdf,2022,geometry_v8,1,1,1,1,,,,2026-08-25T19:36:29
2022/20021127.pdf,20021127,20021127.pdf,2022,geometry_v8,20,3,3,3,,,,2026-08-25T19:36:30
2022/20021129.pdf,20021129,20021129.pdf,2022,geometry_v8,3,1,1,1,,,,2026-08-25T19:36:30
2022/20021134.pdf,20021134,20021134.pdf,2022,geometry_v8,12,3,2,2,,,,2026-08-25T19:36:31
2022/20021135.pdf,20021135,20021135.pdf,2022,geometry_v8,1,1,1,1,,,,2026-08-25T19:36:31
2022/20021139.pdf,20021139,20021139.pdf,2022,geometry_v8,1,1,1,1,,,,2026-08-25T19:36:32
2022/20021142.pdf,20021142,20021142.pdf,2022,geometry_v8,4,2,1,1,,,,2026-08-25T19:36:32
2022/20021144.pdf,20021144,20021144.pdf,2022,geometry_v8,2,1,1,1,,,,2026-08-25T19:36:32
2022/20021148.pdf,20021148,20021148.pdf,2022,geometry_v8,1,1,1,1,,,,2026-08-25T19:36:32
2022/20021149.pdf,20021149,20021149.pdf,2022,geometry_v8,1,1,1,1,,,,2026-08-25T19:36:32
2022/20021150.pdf,20021150,20021150.pdf,2022,geometry_v8,11,2,2,2,,,,2026-08-25T19:36:33
2022/20021152.pdf,20021152,20021152.pdf,2022,geometry_v8,3,1,1,1,,,,2026-08-25T19:36:33
2022/20021153.pdf,20021153,20021153.pdf,2022,geometry_v8,1,1,1,1,,,,2026-08-25T19:36:33
2022/20021154.pdf,20021154,20021154.pdf,2022,geometry_v8,5,2,1,1,,,,2026-08-25T19:36:33
2022/20021156.pdf,20021156,20021156.pdf,2022,geometry_v8,13,3,2,2,,,,2026-08-25T19:36:34
2022/20021165.pdf,20021165,20021165.pdf,2022,geometry_v8,164,20,19,19,12,,,2026-08-25T19:36:45
2022/20021166.pdf,20021166,20021166.pdf,2022,geometry_v8,2,1,1,1,,,,2026-08-25T19:36:45
2022/20021169.pdf,20021169,20021169.pdf,2022,geometry_v8,1,1,1,1,,,,2026-08-25T19:36:45
2022/20021170.pdf,20021170,20021170.pdf,2022,geometry_v8,1,1,1,1,,,,2026-08-25T19:36:45
2022/20021171.pdf,20021171,20021171.pdf,2022,geometry_v8,1,1,1,1,,,,2026-08-25T19:36:45
2022/20021172.pdf,20021172,20021172.pdf,2022,geometry_v8,1,1,1,1,,,,2026-08-25T19:36:45
2022/20021174.pdf,20021174,20021174.pdf,2022,geometry_v8,20,3,3,3,,,,2026-08-25T19:36:46
2022/20021179.pdf,20021179,20021179.pdf,2022,geometry_v8,1,1,1,1,,,,2026-08-25T19:36:46
2022/20021183.pdf,20021183,20021183.pdf,2022,geometry_v8,2,1,1,1,,,,2026-08-25T19:36:46
2022/20021184.pdf,20021184,20021184.pdf,2022,geometry_v8,1,1,1,1,,,,2026-08-25T19:36:47
2022/20021193.pdf,20021193,20021193.pdf,2022,geometry_v8,1,1,1,1,,,,2026-08-25T19:36:47
2022/20021197.pdf,20021197,20021197.pdf,2022,geometry_v8,1,1,1,1,,,,2026-08-25T19:36:47
2022/20021201.pdf,20021201,20021201.pdf,2022,geometry_v8,3,2,1,1,,,,2026-08-25T19:36:48
2022/20021202.pdf,20021202,20021202.pdf,2022,geometry_v8,9,2,2,2,,,,2026-08-25T19:36:48
2022/20021222.pdf,20021222,20021222.pdf,2022,geometry_v8,2,1,1,1,,,,2026-08-25T19:36:48
2022/20021223.pdf,20021223,20021223.pdf,2022,geometry_v8,7,2,2,2,,,,2026-08-25T19:36:48
2022/20021226.pdf,20021226,20021226.pdf,2022,geometry_v8,19,3,3,3,,,,2026-08-25T19:36:49
2022/20021227.pdf,20021227,20021227.pdf,2022,geometry_v8,4,1,1,1,,,,2026-08-25T19:36:50
2022/20021232.pdf,20021232,20021232.pdf,2022,geometry_v8,7,2,1,1,,,,2026-08-25T19:36:50
2022/20021233.pdf,20021233,20021233.pdf,2022,geometry_v8,8,2,2,2,,,,2026-08-25T19:36:50
2022/20021236.pdf,20021236,20021236.pdf,2022,geometry_v8,1,1,1,1,,,,2026-08-25T19:36:52
2022/20021238.pdf,20021238,20021238.pdf,2022,geometry_v8,1,1,1,1,,,,2026-08-25T19:36:52
2022/20021240.pdf,20021240,20021240.pdf,2022,geometry_v8,3,2,1,1,,,,2026-08-25T19:36:52
2022/20021241.pdf,20021241,20021241.pdf,2022,geometry_v8,1,1,1,1,,,,2026-08-25T19:36:52
2022/20021242.pdf,20021242,20021242.pdf,2022,geometry_v8,1,1,1,1,,,,2026-08-25T19:36:52
2022/20021243.pdf,20021243,20021243.pdf,2022,geometry_v8,1,1,1,1,,,,2026-08-25T19:36:52
2022/20021244.pdf,20021244,20021244.pdf,2022,geometry_v8,3,2,1,1,,,,2026-08-25T19:36:52
2022/20021245.pdf,20021245,20021245.pdf,2022,geometry_v8,2,1,1,1,,,,2026-08-25T19:36:52
2022/20021246.pdf,20021246,20021246.pdf,2022,geometry_v8,5,2,1,1,,,,2026-08-25T19:36:53
2022/20021248.pdf,20021248,20021248.pdf,2022,geometry_v8,9,2,2,2,,,,2026-08-25T19:36:53
2022/20021251.pdf,20021251,20021251.pdf,2022,geometry_v8,4,2,1,1,,,,2026-08-25T19:36:54
2022/20021252.pdf,20021252,20021252.pdf,2022,geometry_v8,1,1,1,1,,,,2026-08-25T19:36:54
2022/20021255.pdf,20021255,20021255.pdf,2022,geometry_v8,7,2,1,1,,,,2026-08-25T19:36:54
2022/20021275.pdf,20021275,20021275.pdf,2022,geometry_v8,1,1,1,1,,,,2026-08-25T19:36:55
2022/20021277.pdf,20021277,20021277.pdf,2022,geometry_v8,2,1,1,1,,,,2026-08-25T19:36:55
2022/20021279.pdf,20021279,20021279.pdf,2022,geometry_v8,1,1,1,1,,,,2026-08-25T19:36:55
2022/20021290.pdf,20021290,20021290.pdf,2022,geometry_v8,1,1,1,1,,,,2026-08-25T19:36:55
2022/20021292.pdf,20021292,20021292.pdf,2022,geometry_v8,1,1,1,1,,,,2026-08-25T19:36:55
2022/20021293.pdf,20021293,20021293.pdf,2022,geometry_v8,1,1,1,1,,,,2026-08-25T19:36:55
2022/20021294.pdf,20021294,20021294.pdf,2022,geometry_v8,1,1,1,1,,,,2026-08-25T19:36:56
2022/20021295.pdf,20021295,20021295.pdf,2022,geometry_v8,1,1,1,1,,,,2026-08-25T19:36:57
2022/20021296.pdf,20021296,20021296.pdf,2022,geometry_v8,1,1,1,1,,,,2026-08-25T19:36:57
2022/20021297.pdf,20021297,20021297.pdf,2022,geometry_v8,1,1,1,1,,,,2026-08-25T19:36:57
2022/20021298.pdf,20021298,20021298.pdf,2022,geometry_v8,1,1,1,1,,,,2026-08-25T19:36:57
2022/20021299.pdf,20021299,20021299.pdf,2022,geometry_v8,1,1,1,1,,,,2026-08-25T19:36:57
2022/20021311.pdf,20021311,20021311.pdf,2022,geometry_v8,2,1,1,1,,,,2026-08-25T19:36:58
2022/20021315.pdf,20021315,20021315.pdf,2022,geometry_v8,25,4,3,3,,,,2026-08-25T19:36:59
2022/20021322.pdf,20021322,20021322.pdf,2022,geometry_v8,1,1,1,1,,,,2026-08-25T19:36:59
2022/20021323.pdf,20021323,20021323.pdf,2022,geometry_v8,2,1,1,1,,,,2026-08-25T19:37:00
2022/20021325.pdf,20021325,20021325.pdf,2022,geometry_v8,2,1,1,1,,,,2026-08-25T19:37:00
2022/20021329.pdf,20021329,20021329.pdf,2022,geometry_v8,6,2,1,1,,,,2026-08-25T19:37:01
2022/20021332.pdf,20021332,20021332.pdf,2022,geometry_v8,1,1,1,1,,,,2026-08-25T19:37:01
2022/20021335.pdf,20021335,20021335.pdf,2022,geometry_v8,4,1,1,1,,,,2026-08-25T19:37:01
2022/20021338.pdf,20021338,20021338.pdf,2022,geometry_v8,15,3,3,3,,,,2026-08-25T19:37:02
2022/20021342.pdf,20021342,20021342.pdf,2022,geometry_v8,11,2,2,2,,,,2026-08-25T19:37:03
2022/20021344.pdf,20021344,20021344.pdf,2022,geometry_v8,15,3,2,2,,,,2026-08-25T19:37:03
2022/20021351.pdf,20021351,20021351.pdf,2022,geometry_v8,36,5,5,5,2,,,2026-08-25T19:37:05
2022/20021355.pdf,20021355,20021355.pdf,2022,geometry_v8,2,1,1,1,,,,2026-08-25T19:37:05
2022/20021362.pdf,20021362,20021362.pdf,2022,geometry_v8,4,1,1,1,,,,2026-08-25T19:37:06
2022/20021367.pdf,20021367,20021367.pdf,2022,geometry_v8,1,1,1,1,,,,2026-08-25T19:37:06
2022/20021373.pdf,20021373,20021373.pdf,2022,geometry_v8,2,1,1,1,,,,2026-08-25T19:37:07
2022/20021374.pdf,20021374,20021374.pdf,2022,geometry_v8,3,1,1,1,,,,2026-08-25T19:37:07
2022/20021388.pdf,20021388,20021388.pdf,2022,geometry_v8,17,4,3,3,,,,2026-08-25T19:37:08
2022/20021397.pdf,20021397,20021397.pdf,2022,geometry_v8,1,1,1,1,,,,2026-08-25T19:37:08
2022/20021398.pdf,20021398,20021398.pdf,2022,geometry_v8,46,6,6,6,,,,2026-08-25T19:37:11
2022/20021403.pdf,20021403,20021403.pdf,2022,geometry_v8,2,1,1,1,,,,2026-08-25T19:37:11
2022/20021404.pdf,20021404,20021404.pdf,2022,geometry_v8,1,1,1,1,,,,2026-08-25T19:37:11
2022/20021405.pdf,20021405,20021405.pdf,2022,geometry_v8,3,1,1,1,,,,2026-08-25T19:37:11
2022/20021406.pdf,20021406,20021406.pdf,2022,geometry_v8,1,1,1,1,,,,2026-08-25T19:37:11
2022/20021415.pdf,20021415,20021415.pdf,2022,geometry_v8,1,1,1,1,,,,2026-08-25T19:37:11
2022/20021424.pdf,20021424,20021424.pdf,2022,geometry_v8,2,1,1,1,,,,2026-08-25T19:37:13
2022/20021425.pdf,20021425,20021425.pdf,2022,geometry_v8,6,2,1,1,,,,2026-08-25T19:37:14
2022/20021431.pdf,20021431,20021431.pdf,2022,geometry_v8,2,1,1,1,,,,2026-08-25T19:37:14
2022/20021432.pdf,20021432,20021432.pdf,2022,geometry_v8,1,1,1,1,,,,2026-08-25T19:37:14
2022/20021434.pdf,20021434,20021434.pdf,2022,geometry_v8,1,1,1,1,,,,2026-08-25T19:37:14
2022/20021437.pdf,20021437,20021437.pdf,2022,geometry_v8,2,1,1,1,,,,2026-08-25T19:37:14
2022/20021438.pdf,20021438,20021438.pdf,2022,geometry_v8,1,1,1,1,,,,2026-08-25T19:37:14
2022/20021441.pdf,20021441,20021441.pdf,2022,geometry_v8,1,1,1,1,,,,2026-08-25T19:37:14
2022/20021443.pdf,20021443,20021443.pdf,2022,geometry_v8,3,1,1,1,,,,2026-08-25T19:37:15
2022/20021447.pdf,20021447,20021447.pdf,2022,geometry_v8,1,1,1,1,,,,2026-08-25T19:37:15
2022/20021454.pdf,20021454,20021454.pdf,2022,geometry_v8,4,2,1,1,,,,2026-08-25T19:37:16
2022/20021461.pdf,20021461,20021461.pdf,2022,geometry_v8,5,1,1,1,,,,2026-08-25T19:37:16
2022/20021465.pdf,20021465,20021465.pdf,2022,geometry_v8,1,1,1,1,,,,2026-08-25T19:37:16
2022/20021466.pdf,20021466,20021466.pdf,2022,geometry_v8,17,3,2,2,,,,2026-08-25T19:37:17
2022/20021467.pdf,20021467,20021467.pdf,2022,geometry_v8,1,1,1,1,,,,2026-08-25T19:37:17
2022/20021470.pdf,20021470,20021470.pdf,2022,geometry_v8,199,22,21,21,14,,,2026-08-25T19:37:29
2022/20021477.pdf,20021477,20021477.pdf,2022,geometry_v8,3,2,1,1,,,,2026-08-25T19:37:29
2022/20021483.pdf,20021483,20021483.pdf,2022,geometry_v8,1,1,1,1,,,,2026-08-25T19:37:30
2022/20021486.pdf,20021486,20021486.pdf,2022,geometry_v8,1,1,1,1,,,,2026-08-25T19:37:30
2022/20021487.pdf,20021487,20021487.pdf,2022,geometry_v8,1,1,1,1,,,,2026-08-25T19:37:30
2022/20021491.pdf,20021491,20021491.pdf,2022,geometry_v8,1,1,1,1,,,,2026-08-25T19:37:31
2022/20021492.pdf,20021492,20021492.pdf,2022,geometry_v8,3,2,1,1,,,,2026-08-25T19:37:31
2022/20021496.pdf,20021496,20021496.pdf,2022,geometry_v8,2,1,1,1,,,,2026-08-25T19:37:31
2022/20021498.pdf,20021498,20021498.pdf,2022,geometry_v8,1,1,1,1,,,,2026-08-25T19:37:31
2022/20021502.pdf,20021502,20021502.pdf,2022,geometry_v8,2,1,1,1,,,,2026-08-25T19:37:32
2022/20021503.pdf,20021503,20021503.pdf,2022,geometry_v8,1,1,1,1,,,,2026-08-25T19:37:32
2022/20021504.pdf,20021504,20021504.pdf,2022,geometry_v8,1,1,1,1,,,,2026-08-25T19:37:32
2022/20021506.pdf,20021506,20021506.pdf,2022,geometry_v8,2,1,1,1,,,,2026-08-25T19:37:32
2022/20021509.pdf,20021509,20021509.pdf,2022,geometry_v8,1,1,1,1,,,,2026-08-25T19:37:32
2022/20021515.pdf,20021515,20021515.pdf,2022,geometry_v8,3,1,1,1,,,,2026-08-25T19:37:32
2022/20021517.pdf,20021517,20021517.pdf,2022,geometry_v8,1,1,1,1,,,,2026-08-25T19:37:33
2022/20021518.pdf,20021518,20021518.pdf,2022,geometry_v8,1,1,1,1,,,,2026-08-25T19:37:33
2022/20021522.pdf,20021522,20021522.pdf,2022,geometry_v8,1,1,1,1,,,,2026-08-25T19:37:33
2022/20021536.pdf,20021536,20021536.pdf,2022,geometry_v8,1,1,1,1,,,,2026-08-25T19:37:33
2022/20021538.pdf,20021538,20021538.pdf,2022,geometry_v8,2,1,1,1,,,,2026-08-25T19:37:33
2022/20021542.pdf,20021542,20021542.pdf,2022,geometry_v8,8,2,2,2,,,,2026-08-25T19:37:34
2022/20021543.pdf,20021543,20021543.pdf,2022,geometry_v8,1,1,1,1,,,,2026-08-25T19:37:34
2022/20021550.pdf,20021550,20021550.pdf,2022,geometry_v8,8,2,2,2,,,,2026-08-25T19:37:34
2022/20021553.pdf,20021553,20021553.pdf,2022,geometry_v8,4,2,1,1,,,,2026-08-25T19:37:34
2022/20021554.pdf,20021554,20021554.pdf,2022,geometry_v8,5,2,1,1,,,,2026-08-25T19:37:35
2022/20021555.pdf,20021555,20021555.pdf,2022,geometry_v8,1,1,1,1,,,,2026-08-25T19:37:36
2022/20021556.pdf,20021556,20021556.pdf,2022,geometry_v8,1,1,1,1,,,,2026-08-25T19:37:36
2022/20021560.pdf,20021560,20021560.pdf,2022,geometry_v8,1,1,1,1,,,,2026-08-25T19:37:36
2022/20021563.pdf,20021563,20021563.pdf,2022,geometry_v8,28,4,4,4,,,,2026-08-25T19:37:37
2022/20021568.pdf,20021568,20021568.pdf,2022,geometry_v8,2,1,1,1,,,,2026-08-25T19:37:37
2022/20021571.pdf,20021571,20021571.pdf,2022,geometry_v8,1,1,1,1,,,,2026-08-25T19:37:37
2022/20021576.pdf,20021576,20021576.pdf,2022,geometry_v8,4,2,1,1,,,,2026-08-25T19:37:38
2022/20021579.pdf,20021579,20021579.pdf,2022,geometry_v8,9,2,2,2,,,,2026-08-25T19:37:38
2022/20021583.pdf,20021583,20021583.pdf,2022,geometry_v8,1,1,1,1,,,,2026-08-25T19:37:38
2022/20021585.pdf,20021585,20021585.pdf,2022,geometry_v8,6,2,1,1,,,,2026-08-25T19:37:38
2022/20021587.pdf,20021587,20021587.pdf,2022,geometry_v8,1,1,1,1,,,,2026-08-25T19:37:40
2022/20021589.pdf,20021589,20021589.pdf,2022,geometry_v8,1,1,1,1,,,,2026-08-25T19:37:40
2022/20021600.pdf,20021600,20021600.pdf,2022,geometry_v8,17,4,4,4,"2,3",,,2026-08-25T19:37:42
2022/20021606.pdf,20021606,20021606.pdf,2022,geometry_v8,1,1,1,1,,,,2026-08-25T19:37:42
2022/20021611.pdf,20021611,20021611.pdf,2022,geometry_v8,1,1,1,1,,,,2026-08-25T19:37:42
2022/20021614.pdf,20021614,20021614.pdf,2022,geometry_v8,2,1,1,1,,,,2026-08-25T19:37:43
2022/20021618.pdf,20021618,20021618.pdf,2022,geometry_v8,18,3,3,3,,,,2026-08-25T19:37:44
2022/20021626.pdf,20021626,20021626.pdf,2022,geometry_v8,3,2,1,1,,,,2026-08-25T19:37:44
2022/20021629.pdf,20021629,20021629.pdf,2022,geometry_v8,5,2,1,1,,,,2026-08-25T19:37:44
2022/20021630.pdf,20021630,20021630.pdf,2022,geometry_v8,57,6,6,6,,,,2026-08-25T19:37:46
2022/20021633.pdf,20021633,20021633.pdf,2022,geometry_v8,21,3,3,3,,,,2026-08-25T19:37:48
2022/20021636.pdf,20021636,20021636.pdf,2022,geometry_v8,3,1,1,1,,,,2026-08-25T19:37:48
2022/20021641.pdf,20021641,20021641.pdf,2022,geometry_v8,2,1,1,1,,,,2026-08-25T19:37:48
2022/20021643.pdf,20021643,20021643.pdf,2022,geometry_v8,1,1,1,1,,,,2026-08-25T19:37:48
2022/20021651.pdf,20021651,20021651.pdf,2022,geometry_v8,6,2,1,1,,,,2026-08-25T19:37:49
2022/20021654.pdf,20021654,20021654.pdf,2022,geometry_v8,1,1,1,1,,,,2026-08-25T19:37:49
2022/20021660.pdf,20021660,20021660.pdf,2022,geometry_v8,2,1,1,1,,,,2026-08-25T19:37:49
2022/20021661.pdf,20021661,20021661.pdf,2022,geometry_v8,2,1,1,1,,,,2026-08-25T19:37:49
2022/20021667.pdf,20021667,20021667.pdf,2022,geometry_v8,43,6,5,5,,,,2026-08-25T19:37:51
2022/20021669.pdf,20021669,20021669.pdf,2022,geometry_v8,8,2,2,2,,,,2026-08-25T19:37:51
2022/20021674.pdf,20021674,20021674.pdf,2022,geometry_v8,4,1,1,1,,,,2026-08-25T19:37:53
2022/20021675.pdf,20021675,20021675.pdf,2022,geometry_v8,1,1,1,1,,,,2026-08-25T19:37:53
2022/20021676.pdf,20021676,20021676.pdf,2022,geometry_v8,30,5,4,4,,,,2026-08-25T19:37:56
2022/20021679.pdf,20021679,20021679.pdf,2022,geometry_v8,8,2,2,2,,,,2026-08-25T19:37:56
2022/20021681.pdf,20021681,20021681.pdf,2022,geometry_v8,1,1,1,1,,,,2026-08-25T19:37:56
2022/20021689.pdf,20021689,20021689.pdf,2022,geometry_v8,1,1,1,1,,,,2026-08-25T19:37:56
2022/20021691.pdf,20021691,20021691.pdf,2022,geometry_v8,1,1,1,1,,,,2026-08-25T19:37:57
2022/20021694.pdf,20021694,20021694.pdf,2022,geometry_v8,2,1,1,1,,,,2026-08-25T19:37:57
2022/20021695.pdf,20021695,20021695.pdf,2022,geometry_v8,79,9,9,9,9,,,2026-08-25T19:38:01
2022/20021696.pdf,20021696,20021696.pdf,2022,geometry_v8,2,1,1,1,,,,2026-08-25T19:38:01
2022/20021699.pdf,20021699,20021699.pdf,2022,geometry_v8,3,2,1,1,,,,2026-08-25T19:38:02
2022/20021704.pdf,20021704,20021704.pdf,2022,geometry_v8,8,2,2,2,,,,2026-08-25T19:38:03
2022/20021705.pdf,20021705,20021705.pdf,2022,geometry_v8,3,2,1,1,,,,2026-08-25T19:38:03
2022/20021716.pdf,20021716,20021716.pdf,2022,geometry_v8,1,1,1,1,,,,2026-08-25T19:38:03
2022/20021727.pdf,20021727,20021727.pdf,2022,geometry_v8,1,1,1,1,,,,2026-08-25T19:38:03
2022/20021732.pdf,20021732,20021732.pdf,2022,geometry_v8,10,2,2,2,,,,2026-08-25T19:38:03
2022/20021733.pdf,20021733,20021733.pdf,2022,geometry_v8,1,1,1,1,,,,2026-08-25T19:38:03
2022/20021740.pdf,20021740,20021740.pdf,2022,geometry_v8,1,1,1,1,,,,2026-08-25T19:38:04
2022/20021741.pdf,20021741,20021741.pdf,2022,geometry_v8,2,1,1,1,,,,2026-08-25T19:38:04
2022/20021743.pdf,20021743,20021743.pdf,2022,geometry_v8,1,1,1,1,,,,2026-08-25T19:38:04
2022/20021752.pdf,20021752,20021752.pdf,2022,geometry_v8,2,1,1,1,,,,2026-08-25T19:38:05
2022/20021754.pdf,20021754,20021754.pdf,2022,geometry_v8,17,3,3,3,,,,2026-08-25T19:38:06
2022/20021759.pdf,20021759,20021759.pdf,2022,geometry_v8,1,1,1,1,,,,2026-08-25T19:38:06
2022/20021762.pdf,20021762,20021762.pdf,2022,geometry_v8,1,1,1,1,,,,2026-08-25T19:38:06
2022/20021778.pdf,20021778,20021778.pdf,2022,geometry_v8,1,1,1,1,,,,2026-08-25T19:38:06
2022/20021779.pdf,20021779,20021779.pdf,2022,geometry_v8,1,1,1,1,,,,2026-08-25T19:38:06
2022/20021782.pdf,20021782,20021782.pdf,2022,geometry_v8,1,1,1,1,,,,2026-08-25T19:38:07
2022/20021786.pdf,20021786,20021786.pdf,2022,geometry_v8,1,1,1,1,,,,2026-08-25T19:38:07
2022/20021787.pdf,20021787,20021787.pdf,2022,geometry_v8,3,2,1,1,,,,2026-08-25T19:38:07
2022/20021790.pdf,20021790,20021790.pdf,2022,geometry_v8,27,4,3,3,,,,2026-08-25T19:38:08
2022/20021793.pdf,20021793,20021793.pdf,2022,geometry_v8,1,1,1,1,,,,2026-08-25T19:38:10
2022/20021795.pdf,20021795,20021795.pdf,2022,geometry_v8,4,1,1,1,,,,2026-08-25T19:38:10
2022/20021800.pdf,20021800,20021800.pdf,2022,geometry_v8,8,2,2,2,,,,2026-08-25T19:38:11
2022/20021807.pdf,20021807,20021807.pdf,2022,geometry_v8,12,3,2,2,,,,2026-08-25T19:38:12
2022/20021808.pdf,20021808,20021808.pdf,2022,geometry_v8,7,2,2,2,,,,2026-08-25T19:38:12
2022/20021812.pdf,20021812,20021812.pdf,2022,geometry_v8,8,2,2,2,,,,2026-08-25T19:38:13
2022/20021816.pdf,20021816,20021816.pdf,2022,geometry_v8,2,1,1,1,,,,2026-08-25T19:38:13
2022/20021820.pdf,20021820,20021820.pdf,2022,geometry_v8,1,1,1,1,,,,2026-08-25T19:38:13
2022/20021821.pdf,20021821,20021821.pdf,2022,geometry_v8,28,4,4,4,,,,2026-08-25T19:38:14
2022/20021824.pdf,20021824,20021824.pdf,2022,geometry_v8,1,1,1,1,,,,2026-08-25T19:38:14
2022/20021825.pdf,20021825,20021825.pdf,2022,geometry_v8,1,1,1,1,,,,2026-08-25T19:38:16
2022/20021828.pdf,20021828,20021828.pdf,2022,geometry_v8,14,3,3,3,,,,2026-08-25T19:38:16
2022/20021831.pdf,20021831,20021831.pdf,2022,geometry_v8,1,1,1,1,,,,2026-08-25T19:38:16
2022/20021833.pdf,20021833,20021833.pdf,2022,geometry_v8,3,2,1,1,,,,2026-08-25T19:38:17
2022/20021836.pdf,20021836,20021836.pdf,2022,geometry_v8,22,4,3,3,,,,2026-08-25T19:38:17
2022/20021837.pdf,20021837,20021837.pdf,2022,geometry_v8,4,2,1,1,,,,2026-08-25T19:38:18
2022/20021838.pdf,20021838,20021838.pdf,2022,geometry_v8,6,2,1,1,,,,2026-08-25T19:38:18
2022/20021854.pdf,20021854,20021854.pdf,2022,geometry_v8,1,1,1,1,,,,2026-08-25T19:38:18
2022/20021857.pdf,20021857,20021857.pdf,2022,geometry_v8,4,2,1,1,,,,2026-08-25T19:38:18
2022/20021864.pdf,20021864,20021864.pdf,2022,geometry_v8,8,2,2,2,,,,2026-08-25T19:38:19
2022/20021868.pdf,20021868,20021868.pdf,2022,geometry_v8,1,1,1,1,,,,2026-08-25T19:38:20
2022/20021881.pdf,20021881,20021881.pdf,2022,geometry_v8,16,3,2,2,,,,2026-08-25T19:38:20
2022/20021887.pdf,20021887,20021887.pdf,2022,geometry_v8,1,1,1,1,,,,2026-08-25T19:38:20
2022/20021890.pdf,20021890,20021890.pdf,2022,geometry_v8,2,1,1,1,,,,2026-08-25T19:38:21
2022/20021895.pdf,20021895,20021895.pdf,2022,geometry_v8,1,1,1,1,,,,2026-08-25T19:38:21
2022/20021902.pdf,20021902,20021902.pdf,2022,geometry_v8,1,1,1,1,,,,2026-08-25T19:38:21
2022/20021906.pdf,20021906,20021906.pdf,2022,geometry_v8,2,1,1,1,,,,2026-08-25T19:38:21
2022/20021907.pdf,20021907,20021907.pdf,2022,geometry_v8,2,1,1,1,,,,2026-08-25T19:38:21
2022/20021911.pdf,20021911,20021911.pdf,2022,geometry_v8,1,1,1,1,,,,2026-08-25T19:38:21
2022/20021919.pdf,20021919,20021919.pdf,2022,geometry_v8,5,2,1,1,,,,2026-08-25T19:38:21
2022/20021924.pdf,20021924,20021924.pdf,2022,geometry_v8,5,2,1,1,,,,2026-08-25T19:38:23
2022/20021929.pdf,20021929,20021929.pdf,2022,geometry_v8,11,2,2,2,,,,2026-08-25T19:38:24
2022/20021931.pdf,20021931,20021931.pdf,2022,geometry_v8,4,1,1,1,,,,2026-08-25T19:38:25
2022/20021932.pdf,20021932,20021932.pdf,2022,geometry_v8,1,1,1,1,,,,2026-08-25T19:38:25
2022/20021933.pdf,20021933,20021933.pdf,2022,geometry_v8,30,4,4,4,,,,2026-08-25T19:38:27
2022/20021937.pdf,20021937,20021937.pdf,2022,geometry_v8,1,1,1,1,,,,2026-08-25T19:38:27
2022/20021938.pdf,20021938,20021938.pdf,2022,geometry_v8,55,7,7,7,,,,2026-08-25T19:38:30
2022/20021945.pdf,20021945,20021945.pdf,2022,geometry_v8,6,2,2,2,,,,2026-08-25T19:38:30
2022/20021946.pdf,20021946,20021946.pdf,2022,geometry_v8,1,1,1,1,,,,2026-08-25T19:38:30
2022/20021947.pdf,20021947,20021947.pdf,2022,geometry_v8,3,2,1,1,,,,2026-08-25T19:38:31
2022/20021950.pdf,20021950,20021950.pdf,2022,geometry_v8,1,1,1,1,,,,2026-08-25T19:38:31
2022/20021951.pdf,20021951,20021951.pdf,2022,geometry_v8,4,2,1,1,,,,2026-08-25T19:38:32
2022/20021962.pdf,20021962,20021962.pdf,2022,geometry_v8,2,1,1,1,,,,2026-08-25T19:38:32
2022/20021964.pdf,20021964,20021964.pdf,2022,geometry_v8,4,2,1,1,,,,2026-08-25T19:38:32
2022/20021965.pdf,20021965,20021965.pdf,2022,geometry_v8,6,2,1,1,,,,2026-08-25T19:38:32
2022/20021967.pdf,20021967,20021967.pdf,2022,geometry_v8,1,1,1,1,,,,2026-08-25T19:38:32
2022/20021968.pdf,20021968,20021968.pdf,2022,geometry_v8,1,1,1,1,,,,2026-08-25T19:38:32
2022/20021970.pdf,20021970,20021970.pdf,2022,geometry_v8,4,1,1,1,,,,2026-08-25T19:38:33
2022/20021973.pdf,20021973,20021973.pdf,2022,geometry_v8,2,1,1,1,,,,2026-08-25T19:38:33
2022/20021974.pdf,20021974,20021974.pdf,2022,geometry_v8,2,1,1,1,,,,2026-08-25T19:38:33
2022/20021989.pdf,20021989,20021989.pdf,2022,geometry_v8,18,3,3,3,,,,2026-08-25T19:38:35
2022/20022017.pdf,20022017,20022017.pdf,2022,geometry_v8,11,2,2,2,,,,2026-08-25T19:38:36
2022/20022024.pdf,20022024,20022024.pdf,2022,geometry_v8,4,2,1,1,,,,2026-08-25T19:38:36
2022/20022027.pdf,20022027,20022027.pdf,2022,geometry_v8,6,2,1,1,,,,2026-08-25T19:38:36
2022/20022031.pdf,20022031,20022031.pdf,2022,geometry_v8,7,2,1,1,,,,2026-08-25T19:38:37
2022/20022032.pdf,20022032,20022032.pdf,2022,geometry_v8,4,2,1,1,,,,2026-08-25T19:38:37
2022/20022033.pdf,20022033,20022033.pdf,2022,geometry_v8,2,1,1,1,,,,2026-08-25T19:38:37
2022/20022034.pdf,20022034,20022034.pdf,2022,geometry_v8,2,1,1,1,,,,2026-08-25T19:38:37
2022/20022036.pdf,20022036,20022036.pdf,2022,geometry_v8,1,1,1,1,,,,2026-08-25T19:38:37
2022/20022042.pdf,20022042,20022042.pdf,2022,geometry_v8,4,2,1,1,,,,2026-08-25T19:38:38
2022/20022048.pdf,20022048,20022048.pdf,2022,geometry_v8,2,2,1,1,,,,2026-08-25T19:38:39
2022/20022049.pdf,20022049,20022049.pdf,2022,geometry_v8,1,1,1,1,,,,2026-08-25T19:38:39
2022/20022051.pdf,20022051,20022051.pdf,2022,geometry_v8,2,1,1,1,,,,2026-08-25T19:38:40
2022/20022063.pdf,20022063,20022063.pdf,2022,geometry_v8,1,1,1,1,,,,2026-08-25T19:38:40
2022/20022068.pdf,20022068,20022068.pdf,2022,geometry_v8,10,2,2,2,,,,2026-08-25T19:38:41
2022/20022070.pdf,20022070,20022070.pdf,2022,geometry_v8,2,1,1,1,,,,2026-08-25T19:38:41
2022/20022071.pdf,20022071,20022071.pdf,2022,geometry_v8,2,1,1,1,,,,2026-08-25T19:38:41
2022/20022078.pdf,20022078,20022078.pdf,2022,geometry_v8,2,1,1,1,,,,2026-08-25T19:38:41
2022/20022081.pdf,20022081,20022081.pdf,2022,geometry_v8,64,8,8,8,3,,,2026-08-25T19:38:45
2022/20022086.pdf,20022086,20022086.pdf,2022,geometry_v8,9,2,2,2,,,,2026-08-25T19:38:45
2022/20022087.pdf,20022087,20022087.pdf,2022,geometry_v8,4,1,1,1,,,,2026-08-25T19:38:46
2022/20022088.pdf,20022088,20022088.pdf,2022,geometry_v8,1,1,1,1,,,,2026-08-25T19:38:46
2022/20022097.pdf,20022097,20022097.pdf,2022,geometry_v8,1,1,1,1,,,,2026-08-25T19:38:46
2022/20022098.pdf,20022098,20022098.pdf,2022,geometry_v8,13,3,2,2,,,,2026-08-25T19:38:47
2022/20022099.pdf,20022099,20022099.pdf,2022,geometry_v8,1,1,1,1,,,,2026-08-25T19:38:47
2022/20022101.pdf,20022101,20022101.pdf,2022,geometry_v8,12,3,2,2,,,,2026-08-25T19:38:47
2022/20022102.pdf,20022102,20022102.pdf,2022,geometry_v8,9,2,2,2,,,,2026-08-25T19:38:48
2022/20022108.pdf,20022108,20022108.pdf,2022,geometry_v8,30,4,4,4,,,,2026-08-25T19:38:50
2022/20022111.pdf,20022111,20022111.pdf,2022,geometry_v8,1,1,1,1,,,,2026-08-25T19:38:50
2022/20022132.pdf,20022132,20022132.pdf,2022,geometry_v8,1,1,1,1,,,,2026-08-25T19:38:50
2022/20022133.pdf,20022133,20022133.pdf,2022,geometry_v8,16,3,3,3,,,,2026-08-25T19:38:52
2022/20022136.pdf,20022136,20022136.pdf,2022,geometry_v8,1,1,1,1,,,,2026-08-25T19:38:52
2022/20022142.pdf,20022142,20022142.pdf,2022,geometry_v8,1,1,1,1,,,,2026-08-25T19:38:52
2022/20022151.pdf,20022151,20022151.pdf,2022,geometry_v8,14,3,2,2,,,,2026-08-25T19:38:53
2022/20022156.pdf,20022156,20022156.pdf,2022,geometry_v8,2,1,1,1,,,,2026-08-25T19:38:53
2022/20022158.pdf,20022158,20022158.pdf,2022,geometry_v8,5,2,1,1,,,,2026-08-25T19:38:54
2022/20022160.pdf,20022160,20022160.pdf,2022,geometry_v8,2,1,1,1,,,,2026-08-25T19:38:54
2022/20022161.pdf,20022161,20022161.pdf,2022,geometry_v8,4,2,1,1,,,,2026-08-25T19:38:54
2022/20022162.pdf,20022162,20022162.pdf,2022,geometry_v8,3,1,1,1,,,,2026-08-25T19:38:55
2022/20022164.pdf,20022164,20022164.pdf,2022,geometry_v8,1,1,1,1,,,,2026-08-25T19:38:55
2022/20022166.pdf,20022166,20022166.pdf,2022,geometry_v8,3,2,1,1,,,,2026-08-25T19:38:56
2022/20022173.pdf,20022173,20022173.pdf,2022,geometry_v8,1,1,1,1,,,,2026-08-25T19:38:56
2022/20022181.pdf,20022181,20022181.pdf,2022,geometry_v8,1,1,1,1,,,,2026-08-25T19:38:56
2022/20022196.pdf,20022196,20022196.pdf,2022,geometry_v8,1,1,1,1,,,,2026-08-25T19:38:57
2022/20022197.pdf,20022197,20022197.pdf,2022,geometry_v8,3,1,1,1,,,,2026-08-25T19:38:57
2022/8218518.pdf,8218518,8218518.pdf,2022,needs_fallback,0,0,0,0,,,,2026-08-25T19:38:57
2022/8218527.pdf,8218527,8218527.pdf,2022,needs_fallback,0,0,0,0,,,,2026-08-25T19:38:57
2022/8218534.pdf,8218534,8218534.pdf,2022,needs_fallback,0,0,0,0,,,,2026-08-25T19:38:57
2022/8218535.pdf,8218535,8218535.pdf,2022,needs_fallback,0,0,0,0,,,,2026-08-25T19:38:57
2022/8218540.pdf,8218540,8218540.pdf,2022,needs_fallback,0,0,0,0,,,,2026-08-25T19:38:57
2022/8218543.pdf,8218543,8218543.pdf,2022,needs_fallback,0,0,0,0,,,,2026-08-25T19:38:58
2022/8218545.pdf,8218545,8218545.pdf,2022,needs_fallback,0,0,0,0,,,,2026-08-25T19:38:58
2022/8218548.pdf,8218548,8218548.pdf,2022,needs_fallback,0,0,0,0,,,,2026-08-25T19:38:58
2022/8218557.pdf,8218557,8218557.pdf,2022,needs_fallback,0,0,0,0,,,,2026-08-25T19:38:58
2022/8218558.pdf,8218558,8218558.pdf,2022,needs_fallback,0,0,0,0,,,,2026-08-25T19:38:58
2022/8218560.pdf,8218560,8218560.pdf,2022,needs_fallback,0,0,0,0,,,,2026-08-25T19:38:58
2022/8218561.pdf,8218561,8218561.pdf,2022,needs_fallback,0,0,0,0,,,,2026-08-25T19:38:58
2022/8218564.pdf,8218564,8218564.pdf,2022,needs_fallback,0,0,0,0,,,,2026-08-25T19:38:58
2022/8218565.pdf,8218565,8218565.pdf,2022,needs_fallback,0,0,0,0,,,,2026-08-25T19:38:58
2022/8218568.pdf,8218568,8218568.pdf,2022,needs_fallback,0,0,0,0,,,,2026-08-25T19:38:58
2022/8218569.pdf,8218569,8218569.pdf,2022,needs_fallback,0,0,0,0,,,,2026-08-25T19:38:59
2022/8218579.pdf,8218579,8218579.pdf,2022,needs_fallback,0,0,0,0,,,,2026-08-25T19:38:59
2022/8218580.pdf,8218580,8218580.pdf,2022,needs_fallback,0,0,0,0,,,,2026-08-25T19:38:59
2022/8218587.pdf,8218587,8218587.pdf,2022,needs_fallback,0,0,0,0,,,,2026-08-25T19:38:59
2022/8218597.pdf,8218597,8218597.pdf,2022,needs_fallback,0,0,0,0,,,,2026-08-25T19:38:59
2022/8218598.pdf,8218598,8218598.pdf,2022,needs_fallback,0,0,0,0,,,,2026-08-25T19:38:59
2022/8218599.pdf,8218599,8218599.pdf,2022,needs_fallback,0,0,0,0,,,,2026-08-25T19:38:59
2022/8218604.pdf,8218604,8218604.pdf,2022,needs_fallback,0,0,0,0,,,,2026-08-25T19:38:59
2022/8218615.pdf,8218615,8218615.pdf,2022,needs_fallback,0,0,0,0,,,,2026-08-25T19:38:59
2022/8218620.pdf,8218620,8218620.pdf,2022,needs_fallback,0,0,0,0,,,,2026-08-25T19:38:59
2022/8218621.pdf,8218621,8218621.pdf,2022,needs_fallback,0,0,0,0,,,,2026-08-25T19:39:01
2022/8218624.pdf,8218624,8218624.pdf,2022,needs_fallback,0,0,0,0,,,,2026-08-25T19:39:01
2022/8218628.pdf,8218628,8218628.pdf,2022,needs_fallback,0,0,0,0,,,,2026-08-25T19:39:01
2022/8218631.pdf,8218631,8218631.pdf,2022,needs_fallback,0,0,0,0,,,,2026-08-25T19:39:01
2022/8218637.pdf,8218637,8218637.pdf,2022,needs_fallback,0,0,0,0,,,,2026-08-25T19:39:01
2022/8218640.pdf,8218640,8218640.pdf,2022,needs_fallback,0,0,0,0,,,,2026-08-25T19:39:01
2022/8218641.pdf,8218641,8218641.pdf,2022,needs_fallback,0,0,0,0,,,,2026-08-25T19:39:01
2022/8218642.pdf,8218642,8218642.pdf,2022,needs_fallback,0,0,0,0,,,,2026-08-25T19:39:01
2022/8218645.pdf,8218645,8218645.pdf,2022,needs_fallback,0,0,0,0,,,,2026-08-25T19:39:01
2022/8218652.pdf,8218652,8218652.pdf,2022,needs_fallback,0,0,0,0,,,,2026-08-25T19:39:01
2022/8218659.pdf,8218659,8218659.pdf,2022,needs_fallback,0,0,0,0,,,,2026-08-25T19:39:02
2022/8218661.pdf,8218661,8218661.pdf,2022,needs_fallback,0,0,0,0,,,,2026-08-25T19:39:02
2022/8218662.pdf,8218662,8218662.pdf,2022,needs_fallback,0,0,0,0,,,,2026-08-25T19:39:02
2022/8218698.pdf,8218698,8218698.pdf,2022,needs_fallback,0,0,0,0,,,,2026-08-25T19:39:02
2022/8218730.pdf,8218730,8218730.pdf,2022,needs_fallback,0,0,0,0,,,,2026-08-25T19:39:02
2022/8218753.pdf,8218753,8218753.pdf,2022,needs_fallback,0,0,0,0,,,,2026-08-25T19:39:02
2022/8218757.pdf,8218757,8218757.pdf,2022,needs_fallback,0,0,0,0,,,,2026-08-25T19:39:02
2022/8218777.pdf,8218777,8218777.pdf,2022,needs_fallback,0,0,0,0,,,,2026-08-25T19:39:02
2022/8218855.pdf,8218855,8218855.pdf,2022,needs_fallback,0,0,0,0,,,,2026-08-25T19:39:02
2022/8218856.pdf,8218856,8218856.pdf,2022,needs_fallback,0,0,0,0,,,,2026-08-25T19:39:02
2022/8218894.pdf,8218894,8218894.pdf,2022,needs_fallback,0,0,0,0,,,,2026-08-25T19:39:03
2022/8218930.pdf,8218930,8218930.pdf,2022,needs_fallback,0,0,0,0,,,,2026-08-25T19:39:03
2022/8218933.pdf,8218933,8218933.pdf,2022,needs_fallback,0,0,0,0,,,,2026-08-25T19:39:03
2022/8218936.pdf,8218936,8218936.pdf,2022,needs_fallback,0,0,0,0,,,,2026-08-25T19:39:03
2022/8218937.pdf,8218937,8218937.pdf,2022,needs_fallback,0,0,0,0,,,,2026-08-25T19:39:03
2022/8218938.pdf,8218938,8218938.pdf,2022,needs_fallback,0,0,0,0,,,,2026-08-25T19:39:03
2022/8218940.pdf,8218940,8218940.pdf,2022,needs_fallback,0,0,0,0,,,,2026-08-25T19:39:03
2022/8219010.pdf,8219010,8219010.pdf,2022,needs_fallback,0,0,0,0,,,,2026-08-25T19:39:03
2022/8219025.pdf,8219025,8219025.pdf,2022,needs_fallback,0,0,0,0,,,,2026-08-25T19:39:03
2022/8219043.pdf,8219043,8219043.pdf,2022,needs_fallback,0,0,0,0,,,,2026-08-25T19:39:03
2022/8219044.pdf,8219044,8219044.pdf,2022,needs_fallback,0,0,0,0,,,,2026-08-25T19:39:04
2022/8219054.pdf,8219054,8219054.pdf,2022,needs_fallback,0,0,0,0,,,,2026-08-25T19:39:04
2022/8219056.pdf,8219056,8219056.pdf,2022,needs_fallback,0,0,0,0,,,,2026-08-25T19:39:04
2022/8219057.pdf,8219057,8219057.pdf,2022,needs_fallback,0,0,0,0,,,,2026-08-25T19:39:04
2022/8219067.pdf,8219067,8219067.pdf,2022,needs_fallback,0,0,0,0,,,,2026-08-25T19:39:04
2022/8219068.pdf,8219068,8219068.pdf,2022,needs_fallback,0,0,0,0,,,,2026-08-25T19:39:05
2022/8219082.pdf,8219082,8219082.pdf,2022,needs_fallback,0,0,0,0,,,,2026-08-25T19:39:05
2022/8219090.pdf,8219090,8219090.pdf,2022,needs_fallback,0,0,0,0,,,,2026-08-25T19:39:05
2022/8219092.pdf,8219092,8219092.pdf,2022,needs_fallback,0,0,0,0,,,,2026-08-25T19:39:05
2022/8219130.pdf,8219130,8219130.pdf,2022,needs_fallback,0,0,0,0,,,,2026-08-25T19:39:05
2022/8219131.pdf,8219131,8219131.pdf,2022,needs_fallback,0,0,0,0,,,,2026-08-25T19:39:05
2022/8219135.pdf,8219135,8219135.pdf,2022,needs_fallback,0,0,0,0,,,,2026-08-25T19:39:05
2022/8219155.pdf,8219155,8219155.pdf,2022,needs_fallback,0,0,0,0,,,,2026-08-25T19:39:06
2022/8219156.pdf,8219156,8219156.pdf,2022,needs_fallback,0,0,0,0,,,,2026-08-25T19:39:06
2022/8219165.pdf,8219165,8219165.pdf,2022,needs_fallback,0,0,0,0,,,,2026-08-25T19:39:06
2022/8219166.pdf,8219166,8219166.pdf,2022,needs_fallback,0,0,0,0,,,,2026-08-25T19:39:06
2022/8219185.pdf,8219185,8219185.pdf,2022,needs_fallback,0,0,0,0,,,,2026-08-25T19:39:06
2022/8219196.pdf,8219196,8219196.pdf,2022,needs_fallback,0,0,0,0,,,,2026-08-25T19:39:06
2022/8219202.pdf,8219202,8219202.pdf,2022,needs_fallback,0,0,0,0,,,,2026-08-25T19:39:06
2022/8219205.pdf,8219205,8219205.pdf,2022,needs_fallback,0,0,0,0,,,,2026-08-25T19:39:06
2022/8219207.pdf,8219207,8219207.pdf,2022,needs_fallback,0,0,0,0,,,,2026-08-25T19:39:07
2022/8219209.pdf,8219209,8219209.pdf,2022,needs_fallback,0,0,0,0,,,,2026-08-25T19:39:07
2022/8219218.pdf,8219218,8219218.pdf,2022,needs_fallback,0,0,0,0,,,,2026-08-25T19:39:07
2022/8219219.pdf,8219219,8219219.pdf,2022,needs_fallback,0,0,0,0,,,,2026-08-25T19:39:07
2022/8219222.pdf,8219222,8219222.pdf,2022,needs_fallback,0,0,0,0,,,,2026-08-25T19:39:07
2022/8219228.pdf,8219228,8219228.pdf,2022,needs_fallback,0,0,0,0,,,,2026-08-25T19:39:07
2022/8219232.pdf,8219232,8219232.pdf,2022,needs_fallback,0,0,0,0,,,,2026-08-25T19:39:07
2022/8219241.pdf,8219241,8219241.pdf,2022,needs_fallback,0,0,0,0,,,,2026-08-25T19:39:07
2022/8219242.pdf,8219242,8219242.pdf,2022,needs_fallback,0,0,0,0,,,,2026-08-25T19:39:07
2022/8219244.pdf,8219244,8219244.pdf,2022,needs_fallback,0,0,0,0,,,,2026-08-25T19:39:07
2022/8219250.pdf,8219250,8219250.pdf,2022,needs_fallback,0,0,0,0,,,,2026-08-25T19:39:09
2022/8219256.pdf,8219256,8219256.pdf,2022,needs_fallback,0,0,0,0,,,,2026-08-25T19:39:09
2022/8219258.pdf,8219258,8219258.pdf,2022,needs_fallback,0,0,0,0,,,,2026-08-25T19:39:09
2022/8219259.pdf,8219259,8219259.pdf,2022,needs_fallback,0,0,0,0,,,,2026-08-25T19:39:09
2022/8219265.pdf,8219265,8219265.pdf,2022,needs_fallback,0,0,0,0,,,,2026-08-25T19:39:09
2022/8219266.pdf,8219266,8219266.pdf,2022,needs_fallback,0,0,0,0,,,,2026-08-25T19:39:09
2022/8219269.pdf,8219269,8219269.pdf,2022,needs_fallback,0,0,0,0,,,,2026-08-25T19:39:09
2022/8219272.pdf,8219272,8219272.pdf,2022,needs_fallback,0,0,0,0,,,,2026-08-25T19:39:09
2022/8219273.pdf,8219273,8219273.pdf,2022,needs_fallback,0,0,0,0,,,,2026-08-25T19:39:09
2022/8219275.pdf,8219275,8219275.pdf,2022,needs_fallback,0,0,0,0,,,,2026-08-25T19:39:09
2022/8219276.pdf,8219276,8219276.pdf,2022,needs_fallback,0,0,0,0,,,,2026-08-25T19:39:10
2022/8219277.pdf,8219277,8219277.pdf,2022,needs_fallback,0,0,0,0,,,,2026-08-25T19:39:10
2022/8219281.pdf,8219281,8219281.pdf,2022,needs_fallback,0,0,0,0,,,,2026-08-25T19:39:10
2022/8219286.pdf,8219286,8219286.pdf,2022,needs_fallback,0,0,0,0,,,,2026-08-25T19:39:10
2022/8219288.pdf,8219288,8219288.pdf,2022,needs_fallback,0,0,0,0,,,,2026-08-25T19:39:10
2022/8219289.pdf,8219289,8219289.pdf,2022,needs_fallback,0,0,0,0,,,,2026-08-25T19:39:10
2022/8219290.pdf,8219290,8219290.pdf,2022,needs_fallback,0,0,0,0,,,,2026-08-25T19:39:10
2022/8219291.pdf,8219291,8219291.pdf,2022,needs_fallback,0,0,0,0,,,,2026-08-25T19:39:10
2022/8219292.pdf,8219292,8219292.pdf,2022,needs_fallback,0,0,0,0,,,,2026-08-25T19:39:11
2022/8219294.pdf,8219294,8219294.pdf,2022,needs_fallback,0,0,0,0,,,,2026-08-25T19:39:11
2022/8219297.pdf,8219297,8219297.pdf,2022,needs_fallback,0,0,0,0,,,,2026-08-25T19:39:11
2022/8219298.pdf,8219298,8219298.pdf,2022,needs_fallback,0,0,0,0,,,,2026-08-25T19:39:11
2022/8219309.pdf,8219309,8219309.pdf,2022,needs_fallback,0,0,0,0,,,,2026-08-25T19:39:11
2022/8219315.pdf,8219315,8219315.pdf,2022,needs_fallback,0,0,0,0,,,,2026-08-25T19:39:11
2022/8219317.pdf,8219317,8219317.pdf,2022,needs_fallback,0,0,0,0,,,,2026-08-25T19:39:11
2022/8219318.pdf,8219318,8219318.pdf,2022,needs_fallback,0,0,0,0,,,,2026-08-25T19:39:11
2022/8219320.pdf,8219320,8219320.pdf,2022,needs_fallback,0,0,0,0,,,,2026-08-25T19:39:12
2022/8219321.pdf,8219321,8219321.pdf,2022,needs_fallback,0,0,0,0,,,,2026-08-25T19:39:12
2022/8219328.pdf,8219328,8219328.pdf,2022,needs_fallback,0,0,0,0,,,,2026-08-25T19:39:12
2022/8219336.pdf,8219336,8219336.pdf,2022,needs_fallback,0,0,0,0,,,,2026-08-25T19:39:12
2022/8219340.pdf,8219340,8219340.pdf,2022,needs_fallback,0,0,0,0,,,,2026-08-25T19:39:13
2022/8219343.pdf,8219343,8219343.pdf,2022,needs_fallback,0,0,0,0,,,,2026-08-25T19:39:13
2022/8219354.pdf,8219354,8219354.pdf,2022,needs_fallback,0,0,0,0,,,,2026-08-25T19:39:13
2022/8219454.pdf,8219454,8219454.pdf,2022,needs_fallback,0,0,0,0,,,,2026-08-25T19:39:13
2023/20000807.pdf,20000807,20000807.pdf,2023,geometry_v8,28,6,6,6,"5,6",,,2026-08-25T19:39:15
2023/20005641.pdf,20005641,20005641.pdf,2023,geometry_v8,4,2,1,1,,,,2026-08-25T19:39:15
2023/20016496.pdf,20016496,20016496.pdf,2023,geometry_v8,1,1,1,1,,,,2026-08-25T19:39:15
2023/20020981.pdf,20020981,20020981.pdf,2023,geometry_v8,4,2,2,2,,,,2026-08-25T19:39:16
2023/20021081.pdf,20021081,20021081.pdf,2023,geometry_v8,22,4,3,3,,,,2026-08-25T19:39:17
2023/20021261.pdf,20021261,20021261.pdf,2023,geometry_v8,7,2,2,2,,,,2026-08-25T19:39:17
2023/20021327.pdf,20021327,20021327.pdf,2023,geometry_v8,1,1,1,1,,,,2026-08-25T19:39:18
2023/20022126.pdf,20022126,20022126.pdf,2023,geometry_v8,1,1,1,1,,,,2026-08-25T19:39:18
2023/20022183.pdf,20022183,20022183.pdf,2023,geometry_v8,5,2,1,1,,,,2026-08-25T19:39:18
2023/20022184.pdf,20022184,20022184.pdf,2023,geometry_v8,2,1,1,1,,,,2026-08-25T19:39:18
2023/20022189.pdf,20022189,20022189.pdf,2023,geometry_v8,1,1,1,1,,,,2026-08-25T19:39:18
2023/20022193.pdf,20022193,20022193.pdf,2023,geometry_v8,2,1,1,1,,,,2026-08-25T19:39:19
2023/20022202.pdf,20022202,20022202.pdf,2023,geometry_v8,3,2,1,1,,,,2026-08-25T19:39:19
2023/20022203.pdf,20022203,20022203.pdf,2023,geometry_v8,1,1,1,1,,,,2026-08-25T19:39:19
2023/20022211.pdf,20022211,20022211.pdf,2023,geometry_v8,9,2,2,2,,,,2026-08-25T19:39:19
2023/20022212.pdf,20022212,20022212.pdf,2023,geometry_v8,3,2,1,1,,,,2026-08-25T19:39:19
2023/20022213.pdf,20022213,20022213.pdf,2023,geometry_v8,27,4,3,3,,,,2026-08-25T19:39:23
2023/20022218.pdf,20022218,20022218.pdf,2023,geometry_v8,11,2,2,2,,,,2026-08-25T19:39:24
2023/20022219.pdf,20022219,20022219.pdf,2023,geometry_v8,12,3,2,2,,,,2026-08-25T19:39:25
2023/20022221.pdf,20022221,20022221.pdf,2023,geometry_v8,1,1,1,1,,,,2026-08-25T19:39:25
2023/20022223.pdf,20022223,20022223.pdf,2023,geometry_v8,8,2,2,2,,,,2026-08-25T19:39:26
2023/20022224.pdf,20022224,20022224.pdf,2023,geometry_v8,3,1,1,1,,,,2026-08-25T19:39:26
2023/20022225.pdf,20022225,20022225.pdf,2023,geometry_v8,2,1,1,1,,,,2026-08-25T19:39:26
2023/20022227.pdf,20022227,20022227.pdf,2023,geometry_v8,10,2,2,2,2,,,2026-08-25T19:39:26
2023/20022228.pdf,20022228,20022228.pdf,2023,geometry_v8,5,2,1,1,,,,2026-08-25T19:39:27
2023/20022249.pdf,20022249,20022249.pdf,2023,geometry_v8,8,2,2,2,,,,2026-08-25T19:39:27
2023/20022259.pdf,20022259,20022259.pdf,2023,geometry_v8,2,1,1,1,,,,2026-08-25T19:39:28
2023/20022260.pdf,20022260,20022260.pdf,2023,geometry_v8,13,3,2,3,,,,2026-08-25T19:39:29
2023/20022261.pdf,20022261,20022261.pdf,2023,geometry_v8,2,1,1,1,,,,2026-08-25T19:39:29
2023/20022265.pdf,20022265,20022265.pdf,2023,geometry_v8,43,6,5,5,,,,2026-08-25T19:39:31
2023/20022269.pdf,20022269,20022269.pdf,2023,geometry_v8,1,1,1,1,,,,2026-08-25T19:39:31
2023/20022270.pdf,20022270,20022270.pdf,2023,geometry_v8,10,2,2,2,,,,2026-08-25T19:39:31
2023/20022271.pdf,20022271,20022271.pdf,2023,geometry_v8,2,1,1,1,,,,2026-08-25T19:39:32
2023/20022272.pdf,20022272,20022272.pdf,2023,geometry_v8,2,1,1,1,,,,2026-08-25T19:39:32
2023/20022285.pdf,20022285,20022285.pdf,2023,geometry_v8,25,5,4,4,,,,2026-08-25T19:39:33
2023/20022288.pdf,20022288,20022288.pdf,2023,geometry_v8,5,2,1,1,,,,2026-08-25T19:39:33
2023/20022292.pdf,20022292,20022292.pdf,2023,geometry_v8,2,1,1,1,,,,2026-08-25T19:39:35
2023/20022293.pdf,20022293,20022293.pdf,2023,geometry_v8,1,1,1,1,,,,2026-08-25T19:39:35
2023/20022309.pdf,20022309,20022309.pdf,2023,geometry_v8,3,2,1,1,,,,2026-08-25T19:39:35
2023/20022312.pdf,20022312,20022312.pdf,2023,geometry_v8,1,1,1,1,,,,2026-08-25T19:39:36
2023/20022320.pdf,20022320,20022320.pdf,2023,geometry_v8,1,1,1,1,,,,2026-08-25T19:39:36
2023/20022322.pdf,20022322,20022322.pdf,2023,geometry_v8,1,1,1,1,,,,2026-08-25T19:39:36
2023/20022325.pdf,20022325,20022325.pdf,2023,geometry_v8,1,1,1,1,,,,2026-08-25T19:39:36
2023/20022337.pdf,20022337,20022337.pdf,2023,geometry_v8,1,1,1,1,,,,2026-08-25T19:39:36
2023/20022340.pdf,20022340,20022340.pdf,2023,geometry_v8,2,1,1,1,,,,2026-08-25T19:39:36
2023/20022343.pdf,20022343,20022343.pdf,2023,geometry_v8,2,1,1,1,,,,2026-08-25T19:39:37
2023/20022352.pdf,20022352,20022352.pdf,2023,geometry_v8,2,1,1,1,,,,2026-08-25T19:39:38
2023/20022355.pdf,20022355,20022355.pdf,2023,geometry_v8,5,2,1,1,,,,2026-08-25T19:39:39
2023/20022357.pdf,20022357,20022357.pdf,2023,geometry_v8,8,2,2,2,,,,2026-08-25T19:39:39
2023/20022361.pdf,20022361,20022361.pdf,2023,geometry_v8,4,2,1,1,,,,2026-08-25T19:39:40
2023/20022362.pdf,20022362,20022362.pdf,2023,geometry_v8,3,2,1,1,,,,2026-08-25T19:39:40
2023/20022368.pdf,20022368,20022368.pdf,2023,geometry_v8,5,2,2,2,,,,2026-08-25T19:39:40
2023/20022370.pdf,20022370,20022370.pdf,2023,geometry_v8,1,1,1,1,,,,2026-08-25T19:39:40
2023/20022373.pdf,20022373,20022373.pdf,2023,geometry_v8,11,2,2,2,,,,2026-08-25T19:39:41
2023/20022380.pdf,20022380,20022380.pdf,2023,geometry_v8,27,3,3,3,,,,2026-08-25T19:39:42
2023/20022391.pdf,20022391,20022391.pdf,2023,geometry_v8,1,1,1,1,,,,2026-08-25T19:39:42
2023/20022392.pdf,20022392,20022392.pdf,2023,geometry_v8,3,1,1,1,,,,2026-08-25T19:39:43
2023/20022407.pdf,20022407,20022407.pdf,2023,geometry_v8,139,17,16,16,,,,2026-08-25T19:39:51
2023/20022409.pdf,20022409,20022409.pdf,2023,geometry_v8,2,1,1,1,,,,2026-08-25T19:39:51
2023/20022412.pdf,20022412,20022412.pdf,2023,geometry_v8,89,11,10,10,,,,2026-08-25T19:39:57
2023/20022414.pdf,20022414,20022414.pdf,2023,geometry_v8,3,2,1,1,,,,2026-08-25T19:39:57
2023/20022418.pdf,20022418,20022418.pdf,2023,geometry_v8,1,1,1,1,,,,2026-08-25T19:39:57
2023/20022421.pdf,20022421,20022421.pdf,2023,geometry_v8,2,1,1,1,,,,2026-08-25T19:39:57
2023/20022423.pdf,20022423,20022423.pdf,2023,geometry_v8,1,1,1,1,,,,2026-08-25T19:39:57
2023/20022428.pdf,20022428,20022428.pdf,2023,geometry_v8,1,1,1,1,,,,2026-08-25T19:39:57
2023/20022430.pdf,20022430,20022430.pdf,2023,geometry_v8,48,7,7,7,4,,,2026-08-25T19:39:59
2023/20022431.pdf,20022431,20022431.pdf,2023,geometry_v8,2,1,1,1,,,,2026-08-25T19:40:00
2023/20022437.pdf,20022437,20022437.pdf,2023,geometry_v8,10,3,2,2,,,,2026-08-25T19:40:01
2023/20022451.pdf,20022451,20022451.pdf,2023,geometry_v8,1,1,1,1,,,,2026-08-25T19:40:01
2023/20022453.pdf,20022453,20022453.pdf,2023,geometry_v8,3,1,1,1,,,,2026-08-25T19:40:01
2023/20022454.pdf,20022454,20022454.pdf,2023,geometry_v8,2,1,1,1,,,,2026-08-25T19:40:01
2023/20022463.pdf,20022463,20022463.pdf,2023,geometry_v8,1,1,1,1,,,,2026-08-25T19:40:01
2023/20022480.pdf,20022480,20022480.pdf,2023,geometry_v8,125,16,16,16,"5,10",,,2026-08-25T19:40:10
2023/20022490.pdf,20022490,20022490.pdf,2023,geometry_v8,6,2,1,1,,,,2026-08-25T19:40:10
2023/20022498.pdf,20022498,20022498.pdf,2023,geometry_v8,2,1,1,1,,,,2026-08-25T19:40:10
2023/20022499.pdf,20022499,20022499.pdf,2023,geometry_v8,5,2,1,1,,,,2026-08-25T19:40:10
2023/20022504.pdf,20022504,20022504.pdf,2023,geometry_v8,8,2,2,2,,,,2026-08-25T19:40:12
2023/20022505.pdf,20022505,20022505.pdf,2023,geometry_v8,1,1,1,1,,,,2026-08-25T19:40:12
2023/20022508.pdf,20022508,20022508.pdf,2023,geometry_v8,1,1,1,1,,,,2026-08-25T19:40:13
2023/20022509.pdf,20022509,20022509.pdf,2023,geometry_v8,1,1,1,1,,,,2026-08-25T19:40:13
2023/20022513.pdf,20022513,20022513.pdf,2023,geometry_v8,7,2,2,2,,,,2026-08-25T19:40:13
2023/20022515.pdf,20022515,20022515.pdf,2023,geometry_v8,1,1,1,1,,,,2026-08-25T19:40:13
2023/20022517.pdf,20022517,20022517.pdf,2023,geometry_v8,1,1,1,1,,,,2026-08-25T19:40:13
2023/20022521.pdf,20022521,20022521.pdf,2023,geometry_v8,1,1,1,1,,,,2026-08-25T19:40:13
2023/20022526.pdf,20022526,20022526.pdf,2023,geometry_v8,3,2,1,1,,,,2026-08-25T19:40:13
2023/20022528.pdf,20022528,20022528.pdf,2023,geometry_v8,1,1,1,1,,,,2026-08-25T19:40:13
2023/20022530.pdf,20022530,20022530.pdf,2023,geometry_v8,20,3,3,3,,,,2026-08-25T19:40:15
2023/20022531.pdf,20022531,20022531.pdf,2023,geometry_v8,59,8,7,7,,,,2026-08-25T19:40:18
2023/20022533.pdf,20022533,20022533.pdf,2023,geometry_v8,19,3,3,3,,,,2026-08-25T19:40:19
2023/20022541.pdf,20022541,20022541.pdf,2023,geometry_v8,5,2,1,1,,,,2026-08-25T19:40:19
2023/20022546.pdf,20022546,20022546.pdf,2023,geometry_v8,1,1,1,1,,,,2026-08-25T19:40:19
2023/20022547.pdf,20022547,20022547.pdf,2023,geometry_v8,2,1,1,1,,,,2026-08-25T19:40:20
2023/20022550.pdf,20022550,20022550.pdf,2023,geometry_v8,2,1,1,1,,,,2026-08-25T19:40:20
2023/20022557.pdf,20022557,20022557.pdf,2023,geometry_v8,14,3,2,2,,,,2026-08-25T19:40:21
2023/20022561.pdf,20022561,20022561.pdf,2023,geometry_v8,16,3,2,2,,,,2026-08-25T19:40:22
2023/20022571.pdf,20022571,20022571.pdf,2023,geometry_v8,7,2,2,2,,,,2026-08-25T19:40:23
2023/20022574.pdf,20022574,20022574.pdf,2023,geometry_v8,2,1,1,1,,,,2026-08-25T19:40:25
2023/20022579.pdf,20022579,20022579.pdf,2023,geometry_v8,1,1,1,1,,,,2026-08-25T19:40:25
2023/20022580.pdf,20022580,20022580.pdf,2023,geometry_v8,6,2,2,2,,,,2026-08-25T19:40:25
2023/20022585.pdf,20022585,20022585.pdf,2023,geometry_v8,1,1,1,1,,,,2026-08-25T19:40:25
2023/20022589.pdf,20022589,20022589.pdf,2023,geometry_v8,2,1,1,1,,,,2026-08-25T19:40:25
2023/20022591.pdf,20022591,20022591.pdf,2023,geometry_v8,1,1,1,1,,,,2026-08-25T19:40:26
2023/20022596.pdf,20022596,20022596.pdf,2023,geometry_v8,3,2,1,1,,,,2026-08-25T19:40:26
2023/20022603.pdf,20022603,20022603.pdf,2023,geometry_v8,1,1,1,1,,,,2026-08-25T19:40:26
2023/20022611.pdf,20022611,20022611.pdf,2023,geometry_v8,1,1,1,1,,,,2026-08-25T19:40:26
2023/20022623.pdf,20022623,20022623.pdf,2023,geometry_v8,1,1,1,1,,,,2026-08-25T19:40:26
2023/20022624.pdf,20022624,20022624.pdf,2023,geometry_v8,4,2,1,1,,,,2026-08-25T19:40:27
2023/20022626.pdf,20022626,20022626.pdf,2023,geometry_v8,2,1,1,1,,,,2026-08-25T19:40:27
2023/20022633.pdf,20022633,20022633.pdf,2023,geometry_v8,1,1,1,1,,,,2026-08-25T19:40:27
2023/20022636.pdf,20022636,20022636.pdf,2023,geometry_v8,1,1,1,1,,,,2026-08-25T19:40:28
2023/20022637.pdf,20022637,20022637.pdf,2023,geometry_v8,3,2,1,1,,,,2026-08-25T19:40:28
2023/20022646.pdf,20022646,20022646.pdf,2023,geometry_v8,12,2,2,2,,,,2026-08-25T19:40:28
2023/20022653.pdf,20022653,20022653.pdf,2023,geometry_v8,268,31,31,31,"2,9,30",,,2026-08-25T19:40:43
2023/20022655.pdf,20022655,20022655.pdf,2023,geometry_v8,2,1,1,1,,,,2026-08-25T19:40:43
2023/20022656.pdf,20022656,20022656.pdf,2023,geometry_v8,1,1,1,1,,,,2026-08-25T19:40:44
2023/20022660.pdf,20022660,20022660.pdf,2023,geometry_v8,3,2,1,1,,,,2026-08-25T19:40:44
2023/20022664.pdf,20022664,20022664.pdf,2023,geometry_v8,2,1,1,1,,,,2026-08-25T19:40:46
2023/20022667.pdf,20022667,20022667.pdf,2023,geometry_v8,5,2,1,1,,,,2026-08-25T19:40:46
2023/20022682.pdf,20022682,20022682.pdf,2023,geometry_v8,5,2,1,1,,,,2026-08-25T19:40:46
2023/20022683.pdf,20022683,20022683.pdf,2023,geometry_v8,46,6,6,6,,,,2026-08-25T19:40:48
2023/20022685.pdf,20022685,20022685.pdf,2023,geometry_v8,5,2,1,1,,,,2026-08-25T19:40:49
2023/20022690.pdf,20022690,20022690.pdf,2023,geometry_v8,1,1,1,1,,,,2026-08-25T19:40:49
2023/20022697.pdf,20022697,20022697.pdf,2023,geometry_v8,4,1,1,1,,,,2026-08-25T19:40:49
2023/20022699.pdf,20022699,20022699.pdf,2023,geometry_v8,19,4,3,3,,,,2026-08-25T19:40:51
2023/20022701.pdf,20022701,20022701.pdf,2023,geometry_v8,4,2,1,1,,,,2026-08-25T19:40:51
2023/20022704.pdf,20022704,20022704.pdf,2023,geometry_v8,1,1,1,1,,,,2026-08-25T19:40:51
2023/20022709.pdf,20022709,20022709.pdf,2023,geometry_v8,1,1,1,1,,,,2026-08-25T19:40:53
2023/20022721.pdf,20022721,20022721.pdf,2023,geometry_v8,11,2,2,2,,,,2026-08-25T19:40:53
2023/20022724.pdf,20022724,20022724.pdf,2023,geometry_v8,1,1,1,1,,,,2026-08-25T19:40:53
2023/20022725.pdf,20022725,20022725.pdf,2023,geometry_v8,1,1,1,1,,,,2026-08-25T19:40:54
2023/20022738.pdf,20022738,20022738.pdf,2023,geometry_v8,1,1,1,1,,,,2026-08-25T19:40:54
2023/20022745.pdf,20022745,20022745.pdf,2023,geometry_v8,2,2,1,1,,,,2026-08-25T19:40:54
2023/20022746.pdf,20022746,20022746.pdf,2023,geometry_v8,2,1,1,1,,,,2026-08-25T19:40:54
2023/20022749.pdf,20022749,20022749.pdf,2023,geometry_v8,2,1,1,1,,,,2026-08-25T19:40:54
2023/20022751.pdf,20022751,20022751.pdf,2023,geometry_v8,3,1,1,1,,,,2026-08-25T19:40:54
2023/20022756.pdf,20022756,20022756.pdf,2023,geometry_v8,7,2,2,2,,,,2026-08-25T19:40:55
2023/20022770.pdf,20022770,20022770.pdf,2023,geometry_v8,1,1,1,1,,,,2026-08-25T19:40:56
2023/20022771.pdf,20022771,20022771.pdf,2023,geometry_v8,3,1,1,1,,,,2026-08-25T19:40:57
2023/20022791.pdf,20022791,20022791.pdf,2023,geometry_v8,1,1,1,1,,,,2026-08-25T19:40:57
2023/20022795.pdf,20022795,20022795.pdf,2023,geometry_v8,10,2,2,2,,,,2026-08-25T19:40:57
2023/20022801.pdf,20022801,20022801.pdf,2023,geometry_v8,1,1,1,1,,,,2026-08-25T19:40:57
2023/20022805.pdf,20022805,20022805.pdf,2023,geometry_v8,12,2,2,2,,,,2026-08-25T19:40:58
2023/20022807.pdf,20022807,20022807.pdf,2023,geometry_v8,1,1,1,1,,,,2026-08-25T19:40:58
2023/20022808.pdf,20022808,20022808.pdf,2023,geometry_v8,1,1,1,1,,,,2026-08-25T19:40:58
2023/20022811.pdf,20022811,20022811.pdf,2023,geometry_v8,1,1,1,1,,,,2026-08-25T19:40:58
2023/20022813.pdf,20022813,20022813.pdf,2023,geometry_v8,1,1,1,1,,,,2026-08-25T19:40:58
2023/20022822.pdf,20022822,20022822.pdf,2023,geometry_v8,1,1,1,1,,,,2026-08-25T19:40:59
2023/20022828.pdf,20022828,20022828.pdf,2023,geometry_v8,3,1,1,1,,,,2026-08-25T19:40:59
2023/20022841.pdf,20022841,20022841.pdf,2023,geometry_v8,3,2,1,1,,,,2026-08-25T19:41:00
2023/20022850.pdf,20022850,20022850.pdf,2023,geometry_v8,1,1,1,1,,,,2026-08-25T19:41:00
2023/20022858.pdf,20022858,20022858.pdf,2023,geometry_v8,1,1,1,1,,,,2026-08-25T19:41:00
2023/20022859.pdf,20022859,20022859.pdf,2023,geometry_v8,1,1,1,1,,,,2026-08-25T19:41:00
2023/20022861.pdf,20022861,20022861.pdf,2023,geometry_v8,1,1,1,1,,,,2026-08-25T19:41:00
2023/20022876.pdf,20022876,20022876.pdf,2023,geometry_v8,3,2,1,1,,,,2026-08-25T19:41:00
2023/20022877.pdf,20022877,20022877.pdf,2023,geometry_v8,45,6,5,6,,,,2026-08-25T19:41:02
2023/20022886.pdf,20022886,20022886.pdf,2023,geometry_v8,1,1,1,1,,,,2026-08-25T19:41:02
2023/20022887.pdf,20022887,20022887.pdf,2023,geometry_v8,5,2,1,1,,,,2026-08-25T19:41:04
2023/20022894.pdf,20022894,20022894.pdf,2023,geometry_v8,5,2,1,1,,,,2026-08-25T19:41:04
2023/20022895.pdf,20022895,20022895.pdf,2023,geometry_v8,1,1,1,1,,,,2026-08-25T19:41:04
2023/20022900.pdf,20022900,20022900.pdf,2023,geometry_v8,4,1,1,1,,,,2026-08-25T19:41:05
2023/20022905.pdf,20022905,20022905.pdf,2023,geometry_v8,1,1,1,1,,,,2026-08-25T19:41:05
2023/20022906.pdf,20022906,20022906.pdf,2023,geometry_v8,1,1,1,1,,,,2026-08-25T19:41:05
2023/20022908.pdf,20022908,20022908.pdf,2023,geometry_v8,5,2,1,1,,,,2026-08-25T19:41:06
2023/20022917.pdf,20022917,20022917.pdf,2023,geometry_v8,2,2,1,1,,,,2026-08-25T19:41:06
2023/20022919.pdf,20022919,20022919.pdf,2023,geometry_v8,1,1,1,1,,,,2026-08-25T19:41:06
2023/20022948.pdf,20022948,20022948.pdf,2023,geometry_v8,195,23,22,22,,,,2026-08-25T19:41:17
2023/20022957.pdf,20022957,20022957.pdf,2023,geometry_v8,1,1,1,1,,,,2026-08-25T19:41:18
2023/20022969.pdf,20022969,20022969.pdf,2023,geometry_v8,1,1,1,1,,,,2026-08-25T19:41:18
2023/20022974.pdf,20022974,20022974.pdf,2023,geometry_v8,17,3,3,3,,,,2026-08-25T19:41:20
2023/20022975.pdf,20022975,20022975.pdf,2023,geometry_v8,1,1,1,1,,,,2026-08-25T19:41:20
2023/20022978.pdf,20022978,20022978.pdf,2023,geometry_v8,57,7,7,7,,,,2026-08-25T19:41:24
2023/20022986.pdf,20022986,20022986.pdf,2023,geometry_v8,3,2,1,1,,,,2026-08-25T19:41:24
2023/20022987.pdf,20022987,20022987.pdf,2023,geometry_v8,18,4,3,3,2,,,2026-08-25T19:41:25
2023/20022998.pdf,20022998,20022998.pdf,2023,geometry_v8,3,2,1,1,,,,2026-08-25T19:41:25
2023/20023000.pdf,20023000,20023000.pdf,2023,geometry_v8,7,2,2,2,,,,2026-08-25T19:41:26
2023/20023004.pdf,20023004,20023004.pdf,2023,geometry_v8,3,1,1,1,,,,2026-08-25T19:41:26
2023/20023019.pdf,20023019,20023019.pdf,2023,geometry_v8,2,1,1,1,,,,2026-08-25T19:41:28
2023/20023020.pdf,20023020,20023020.pdf,2023,geometry_v8,61,6,6,6,,,,2026-08-25T19:41:30
2023/20023022.pdf,20023022,20023022.pdf,2023,geometry_v8,12,3,3,3,,,,2026-08-25T19:41:31
2023/20023026.pdf,20023026,20023026.pdf,2023,geometry_v8,1,1,1,1,,,,2026-08-25T19:41:31
2023/20023043.pdf,20023043,20023043.pdf,2023,geometry_v8,4,2,1,1,,,,2026-08-25T19:41:31
2023/20023045.pdf,20023045,20023045.pdf,2023,geometry_v8,5,2,1,2,,,,2026-08-25T19:41:32
2023/20023052.pdf,20023052,20023052.pdf,2023,geometry_v8,7,2,1,1,,,,2026-08-25T19:41:32
2023/20023055.pdf,20023055,20023055.pdf,2023,geometry_v8,1,1,1,1,,,,2026-08-25T19:41:32
2023/20023057.pdf,20023057,20023057.pdf,2023,geometry_v8,1,1,1,1,,,,2026-08-25T19:41:32
2023/20023059.pdf,20023059,20023059.pdf,2023,geometry_v8,11,2,2,2,,,,2026-08-25T19:41:33
2023/20023060.pdf,20023060,20023060.pdf,2023,geometry_v8,1,1,1,1,,,,2026-08-25T19:41:35
2023/20023061.pdf,20023061,20023061.pdf,2023,geometry_v8,1,1,1,1,,,,2026-08-25T19:41:35
2023/20023065.pdf,20023065,20023065.pdf,2023,geometry_v8,10,3,2,2,,,,2026-08-25T19:41:36
2023/20023070.pdf,20023070,20023070.pdf,2023,geometry_v8,1,1,1,1,,,,2026-08-25T19:41:36
2023/20023073.pdf,20023073,20023073.pdf,2023,geometry_v8,8,2,2,2,,,,2026-08-25T19:41:36
2023/20023075.pdf,20023075,20023075.pdf,2023,geometry_v8,2,1,1,1,,,,2026-08-25T19:41:37
2023/20023077.pdf,20023077,20023077.pdf,2023,geometry_v8,6,2,1,1,,,,2026-08-25T19:41:37
2023/20023080.pdf,20023080,20023080.pdf,2023,geometry_v8,1,1,1,1,,,,2026-08-25T19:41:37
2023/20023082.pdf,20023082,20023082.pdf,2023,geometry_v8,176,21,20,20,4,,,2026-08-25T19:41:45
2023/20023083.pdf,20023083,20023083.pdf,2023,geometry_v8,98,12,12,12,"6,9",,,2026-08-25T19:41:52
2023/20023087.pdf,20023087,20023087.pdf,2023,geometry_v8,64,8,8,8,,,,2026-08-25T19:41:57
2023/20023094.pdf,20023094,20023094.pdf,2023,geometry_v8,7,2,2,2,,,,2026-08-25T19:41:57
2023/20023097.pdf,20023097,20023097.pdf,2023,geometry_v8,1,1,1,1,,,,2026-08-25T19:41:58
2023/20023100.pdf,20023100,20023100.pdf,2023,geometry_v8,2,1,1,1,,,,2026-08-25T19:41:58
2023/20023104.pdf,20023104,20023104.pdf,2023,geometry_v8,2,1,1,1,,,,2026-08-25T19:41:58
2023/20023110.pdf,20023110,20023110.pdf,2023,geometry_v8,1,1,1,1,,,,2026-08-25T19:41:58
2023/20023111.pdf,20023111,20023111.pdf,2023,geometry_v8,1,1,1,1,,,,2026-08-25T19:41:58
2023/20023119.pdf,20023119,20023119.pdf,2023,geometry_v8,2,1,1,1,,,,2026-08-25T19:41:58
2023/20023129.pdf,20023129,20023129.pdf,2023,geometry_v8,3,2,1,1,,,,2026-08-25T19:41:58
2023/20023136.pdf,20023136,20023136.pdf,2023,geometry_v8,5,2,1,1,,,,2026-08-25T19:41:59
2023/20023143.pdf,20023143,20023143.pdf,2023,geometry_v8,2,1,1,1,,,,2026-08-25T19:42:00
2023/20023146.pdf,20023146,20023146.pdf,2023,geometry_v8,2,1,1,1,,,,2026-08-25T19:42:00
2023/20023153.pdf,20023153,20023153.pdf,2023,geometry_v8,1,1,1,1,,,,2026-08-25T19:42:00
2023/20023162.pdf,20023162,20023162.pdf,2023,geometry_v8,1,1,1,1,,,,2026-08-25T19:42:00
2023/20023168.pdf,20023168,20023168.pdf,2023,geometry_v8,1,1,1,1,,,,2026-08-25T19:42:00
2023/20023174.pdf,20023174,20023174.pdf,2023,geometry_v8,1,1,1,1,,,,2026-08-25T19:42:00
2023/20023178.pdf,20023178,20023178.pdf,2023,geometry_v8,1,1,1,1,,,,2026-08-25T19:42:00
2023/20023182.pdf,20023182,20023182.pdf,2023,geometry_v8,3,1,1,1,,,,2026-08-25T19:42:00
2023/20023183.pdf,20023183,20023183.pdf,2023,geometry_v8,3,1,1,1,,,,2026-08-25T19:42:01
2023/20023192.pdf,20023192,20023192.pdf,2023,geometry_v8,2,1,1,1,,,,2026-08-25T19:42:01
2023/20023194.pdf,20023194,20023194.pdf,2023,geometry_v8,19,3,3,3,,,,2026-08-25T19:42:04
2023/20023198.pdf,20023198,20023198.pdf,2023,geometry_v8,2,1,1,1,,,,2026-08-25T19:42:05
2023/20023204.pdf,20023204,20023204.pdf,2023,geometry_v8,1,1,1,1,,,,2026-08-25T19:42:05
2023/20023211.pdf,20023211,20023211.pdf,2023,geometry_v8,7,2,2,2,,,,2026-08-25T19:42:05
2023/20023212.pdf,20023212,20023212.pdf,2023,geometry_v8,1,1,1,1,,,,2026-08-25T19:42:06
2023/20023218.pdf,20023218,20023218.pdf,2023,geometry_v8,3,1,1,1,,,,2026-08-25T19:42:06
2023/20023219.pdf,20023219,20023219.pdf,2023,geometry_v8,1,1,1,1,,,,2026-08-25T19:42:06
2023/20023220.pdf,20023220,20023220.pdf,2023,geometry_v8,3,2,1,1,,,,2026-08-25T19:42:06
2023/20023237.pdf,20023237,20023237.pdf,2023,geometry_v8,2,1,1,1,,,,2026-08-25T19:42:07
2023/20023238.pdf,20023238,20023238.pdf,2023,geometry_v8,1,1,1,1,,,,2026-08-25T19:42:07
2023/20023246.pdf,20023246,20023246.pdf,2023,geometry_v8,4,2,1,1,,,,2026-08-25T19:42:08
2023/20023247.pdf,20023247,20023247.pdf,2023,geometry_v8,4,2,1,1,,,,2026-08-25T19:42:08
2023/20023253.pdf,20023253,20023253.pdf,2023,geometry_v8,26,4,4,4,,,,2026-08-25T19:42:10
2023/20023257.pdf,20023257,20023257.pdf,2023,geometry_v8,44,6,6,6,6,,,2026-08-25T19:42:12
2023/20023262.pdf,20023262,20023262.pdf,2023,geometry_v8,6,2,1,1,,,,2026-08-25T19:42:12
2023/20023267.pdf,20023267,20023267.pdf,2023,geometry_v8,2,1,1,1,,,,2026-08-25T19:42:12
2023/20023277.pdf,20023277,20023277.pdf,2023,geometry_v8,4,1,1,1,,,,2026-08-25T19:42:12
2023/20023279.pdf,20023279,20023279.pdf,2023,geometry_v8,4,1,1,1,,,,2026-08-25T19:42:13
2023/20023283.pdf,20023283,20023283.pdf,2023,geometry_v8,1,1,1,1,,,,2026-08-25T19:42:13
2023/20023290.pdf,20023290,20023290.pdf,2023,geometry_v8,1,1,1,1,,,,2026-08-25T19:42:13
2023/20023296.pdf,20023296,20023296.pdf,2023,geometry_v8,1,1,1,1,,,,2026-08-25T19:42:14
2023/20023303.pdf,20023303,20023303.pdf,2023,geometry_v8,18,4,3,3,,,,2026-08-25T19:42:15
2023/20023313.pdf,20023313,20023313.pdf,2023,geometry_v8,1,1,1,1,,,,2026-08-25T19:42:15
2023/20023319.pdf,20023319,20023319.pdf,2023,geometry_v8,2,1,1,1,,,,2026-08-25T19:42:15
2023/20023329.pdf,20023329,20023329.pdf,2023,geometry_v8,1,1,1,1,,,,2026-08-25T19:42:15
2023/20023339.pdf,20023339,20023339.pdf,2023,geometry_v8,5,2,1,1,,,,2026-08-25T19:42:15
2023/20023340.pdf,20023340,20023340.pdf,2023,geometry_v8,7,2,1,1,,,,2026-08-25T19:42:16
2023/20023345.pdf,20023345,20023345.pdf,2023,geometry_v8,8,2,2,2,,,,2026-08-25T19:42:16
2023/20023349.pdf,20023349,20023349.pdf,2023,geometry_v8,1,1,1,1,,,,2026-08-25T19:42:16
2023/20023358.pdf,20023358,20023358.pdf,2023,geometry_v8,1,1,1,1,,,,2026-08-25T19:42:16
2023/20023360.pdf,20023360,20023360.pdf,2023,geometry_v8,4,2,1,1,,,,2026-08-25T19:42:19
2023/20023369.pdf,20023369,20023369.pdf,2023,geometry_v8,18,3,3,3,,,,2026-08-25T19:42:21
2023/20023381.pdf,20023381,20023381.pdf,2023,geometry_v8,1,1,1,1,,,,2026-08-25T19:42:21
2023/20023382.pdf,20023382,20023382.pdf,2023,geometry_v8,4,1,1,1,,,,2026-08-25T19:42:21
2023/20023392.pdf,20023392,20023392.pdf,2023,geometry_v8,1,1,1,1,,,,2026-08-25T19:42:21
2023/20023393.pdf,20023393,20023393.pdf,2023,geometry_v8,1,1,1,1,,,,2026-08-25T19:42:21
2023/20023399.pdf,20023399,20023399.pdf,2023,geometry_v8,3,2,1,1,,,,2026-08-25T19:42:21
2023/20023404.pdf,20023404,20023404.pdf,2023,geometry_v8,541,62,62,62,"4,27,39,49",,,2026-08-25T19:42:53
2023/20023410.pdf,20023410,20023410.pdf,2023,geometry_v8,3,2,1,1,,,,2026-08-25T19:42:53
2023/20023412.pdf,20023412,20023412.pdf,2023,geometry_v8,11,3,2,2,,,,2026-08-25T19:42:54
2023/20023421.pdf,20023421,20023421.pdf,2023,geometry_v8,3,1,1,1,,,,2026-08-25T19:42:55
2023/20023426.pdf,20023426,20023426.pdf,2023,geometry_v8,2,2,1,1,,,,2026-08-25T19:42:55
2023/20023435.pdf,20023435,20023435.pdf,2023,geometry_v8,4,2,1,1,,,,2026-08-25T19:42:55
2023/20023437.pdf,20023437,20023437.pdf,2023,geometry_v8,1,1,1,1,,,,2026-08-25T19:42:55
2023/20023441.pdf,20023441,20023441.pdf,2023,geometry_v8,4,2,1,1,,,,2026-08-25T19:42:56
2023/20023442.pdf,20023442,20023442.pdf,2023,geometry_v8,36,5,5,5,,,,2026-08-25T19:42:57
2023/20023443.pdf,20023443,20023443.pdf,2023,geometry_v8,3,2,1,1,,,,2026-08-25T19:42:57
2023/20023444.pdf,20023444,20023444.pdf,2023,geometry_v8,12,2,2,2,,,,2026-08-25T19:42:58
2023/20023449.pdf,20023449,20023449.pdf,2023,geometry_v8,1,1,1,1,,,,2026-08-25T19:42:58
2023/20023452.pdf,20023452,20023452.pdf,2023,geometry_v8,1,1,1,1,,,,2026-08-25T19:42:58
2023/20023455.pdf,20023455,20023455.pdf,2023,geometry_v8,1,1,1,1,,,,2026-08-25T19:43:00
2023/20023456.pdf,20023456,20023456.pdf,2023,geometry_v8,1,1,1,1,,,,2026-08-25T19:43:00
2023/20023474.pdf,20023474,20023474.pdf,2023,geometry_v8,4,2,1,1,,,,2026-08-25T19:43:00
2023/20023494.pdf,20023494,20023494.pdf,2023,geometry_v8,1,1,1,1,,,,2026-08-25T19:43:00
2023/20023499.pdf,20023499,20023499.pdf,2023,geometry_v8,5,2,1,1,,,,2026-08-25T19:43:01
2023/20023500.pdf,20023500,20023500.pdf,2023,geometry_v8,56,7,7,7,,,,2026-08-25T19:43:05
2023/20023504.pdf,20023504,20023504.pdf,2023,geometry_v8,2,1,1,1,,,,2026-08-25T19:43:05
2023/20023526.pdf,20023526,20023526.pdf,2023,geometry_v8,2,1,1,1,,,,2026-08-25T19:43:05
2023/20023528.pdf,20023528,20023528.pdf,2023,geometry_v8,2,1,1,1,,,,2026-08-25T19:43:06
2023/20023532.pdf,20023532,20023532.pdf,2023,geometry_v8,5,2,2,2,,,,2026-08-25T19:43:06
2023/20023537.pdf,20023537,20023537.pdf,2023,geometry_v8,1,1,1,1,,,,2026-08-25T19:43:07
2023/20023552.pdf,20023552,20023552.pdf,2023,geometry_v8,7,2,2,2,,,,2026-08-25T19:43:07
2023/20023553.pdf,20023553,20023553.pdf,2023,geometry_v8,2,1,1,1,,,,2026-08-25T19:43:08
2023/20023570.pdf,20023570,20023570.pdf,2023,geometry_v8,1,1,1,1,,,,2026-08-25T19:43:08
2023/20023573.pdf,20023573,20023573.pdf,2023,geometry_v8,21,3,3,3,,,,2026-08-25T19:43:09
2023/20023575.pdf,20023575,20023575.pdf,2023,geometry_v8,3,2,1,1,,,,2026-08-25T19:43:09
2023/20023610.pdf,20023610,20023610.pdf,2023,geometry_v8,4,2,1,1,,,,2026-08-25T19:43:09
2023/20023612.pdf,20023612,20023612.pdf,2023,geometry_v8,4,1,1,1,,,,2026-08-25T19:43:09
2023/20023613.pdf,20023613,20023613.pdf,2023,geometry_v8,3,2,1,1,,,,2026-08-25T19:43:09
2023/20023615.pdf,20023615,20023615.pdf,2023,geometry_v8,6,2,1,1,,,,2026-08-25T19:43:10
2023/20023622.pdf,20023622,20023622.pdf,2023,geometry_v8,1,1,1,1,,,,2026-08-25T19:43:12
2023/20023623.pdf,20023623,20023623.pdf,2023,geometry_v8,10,2,2,2,,,,2026-08-25T19:43:12
2023/20023624.pdf,20023624,20023624.pdf,2023,geometry_v8,1,1,1,1,,,,2026-08-25T19:43:12
2023/20023636.pdf,20023636,20023636.pdf,2023,geometry_v8,4,2,1,1,,,,2026-08-25T19:43:12
2023/20023641.pdf,20023641,20023641.pdf,2023,geometry_v8,7,2,2,2,,,,2026-08-25T19:43:13
2023/20023647.pdf,20023647,20023647.pdf,2023,geometry_v8,1,1,1,1,,,,2026-08-25T19:43:13
2023/20023651.pdf,20023651,20023651.pdf,2023,geometry_v8,32,5,4,4,,,,2026-08-25T19:43:14
2023/20023652.pdf,20023652,20023652.pdf,2023,geometry_v8,1,1,1,1,,,,2026-08-25T19:43:14
2023/20023658.pdf,20023658,20023658.pdf,2023,geometry_v8,1,1,1,1,,,,2026-08-25T19:43:15
2023/20023664.pdf,20023664,20023664.pdf,2023,geometry_v8,4,1,1,1,,,,2026-08-25T19:43:15
2023/20023670.pdf,20023670,20023670.pdf,2023,geometry_v8,1,1,1,1,,,,2026-08-25T19:43:16
2023/20023671.pdf,20023671,20023671.pdf,2023,geometry_v8,6,2,1,1,,,,2026-08-25T19:43:17
2023/20023677.pdf,20023677,20023677.pdf,2023,geometry_v8,2,2,1,1,,,,2026-08-25T19:43:17
2023/20023678.pdf,20023678,20023678.pdf,2023,geometry_v8,3,2,1,1,,,,2026-08-25T19:43:17
2023/20023683.pdf,20023683,20023683.pdf,2023,geometry_v8,5,2,1,1,,,,2026-08-25T19:43:18
2023/20023711.pdf,20023711,20023711.pdf,2023,geometry_v8,1,1,1,1,,,,2026-08-25T19:43:18
2023/20023712.pdf,20023712,20023712.pdf,2023,geometry_v8,4,2,1,1,,,,2026-08-25T19:43:18
2023/20023717.pdf,20023717,20023717.pdf,2023,geometry_v8,6,2,1,1,,,,2026-08-25T19:43:19
2023/20023721.pdf,20023721,20023721.pdf,2023,geometry_v8,1,1,1,1,,,,2026-08-25T19:43:19
2023/20023722.pdf,20023722,20023722.pdf,2023,geometry_v8,1,1,1,1,,,,2026-08-25T19:43:19
2023/20023739.pdf,20023739,20023739.pdf,2023,geometry_v8,1,1,1,1,,,,2026-08-25T19:43:20
2023/20023752.pdf,20023752,20023752.pdf,2023,geometry_v8,3,2,1,1,,,,2026-08-25T19:43:21
2023/20023757.pdf,20023757,20023757.pdf,2023,geometry_v8,10,2,2,2,,,,2026-08-25T19:43:21
2023/20023758.pdf,20023758,20023758.pdf,2023,geometry_v8,1,1,1,1,,,,2026-08-25T19:43:21
2023/20023779.pdf,20023779,20023779.pdf,2023,geometry_v8,3,1,1,1,,,,2026-08-25T19:43:21
2023/20023786.pdf,20023786,20023786.pdf,2023,geometry_v8,3,1,1,1,,,,2026-08-25T19:43:21
2023/20023788.pdf,20023788,20023788.pdf,2023,geometry_v8,2,1,1,1,,,,2026-08-25T19:43:22
2023/20023797.pdf,20023797,20023797.pdf,2023,geometry_v8,2,1,1,1,,,,2026-08-25T19:43:22
2023/20023799.pdf,20023799,20023799.pdf,2023,geometry_v8,9,2,2,2,,,,2026-08-25T19:43:22
2023/20023804.pdf,20023804,20023804.pdf,2023,geometry_v8,3,2,1,1,,,,2026-08-25T19:43:22
2023/20023809.pdf,20023809,20023809.pdf,2023,geometry_v8,8,2,2,2,,,,2026-08-25T19:43:25
2023/20023810.pdf,20023810,20023810.pdf,2023,geometry_v8,4,1,1,1,,,,2026-08-25T19:43:25
2023/20023812.pdf,20023812,20023812.pdf,2023,geometry_v8,2,1,1,1,,,,2026-08-25T19:43:25
2023/20023816.pdf,20023816,20023816.pdf,2023,geometry_v8,103,12,12,12,10,,,2026-08-25T19:43:30
2023/20023819.pdf,20023819,20023819.pdf,2023,geometry_v8,2,1,1,1,,,,2026-08-25T19:43:30
2023/20023822.pdf,20023822,20023822.pdf,2023,geometry_v8,4,2,1,1,,,,2026-08-25T19:43:30
2023/20023824.pdf,20023824,20023824.pdf,2023,geometry_v8,4,1,1,1,,,,2026-08-25T19:43:30
2023/20023829.pdf,20023829,20023829.pdf,2023,geometry_v8,1,1,1,1,,,,2026-08-25T19:43:31
2023/20023833.pdf,20023833,20023833.pdf,2023,geometry_v8,53,7,6,6,6,,,2026-08-25T19:43:35
2023/20023834.pdf,20023834,20023834.pdf,2023,geometry_v8,1,1,1,1,,,,2026-08-25T19:43:35
2023/20023835.pdf,20023835,20023835.pdf,2023,geometry_v8,1,1,1,1,,,,2026-08-25T19:43:36
2023/20023843.pdf,20023843,20023843.pdf,2023,geometry_v8,1,1,1,1,,,,2026-08-25T19:43:36
2023/20023846.pdf,20023846,20023846.pdf,2023,geometry_v8,4,2,1,1,,,,2026-08-25T19:43:37
2023/20023847.pdf,20023847,20023847.pdf,2023,geometry_v8,24,4,4,4,,,,2026-08-25T19:43:38
2023/20023848.pdf,20023848,20023848.pdf,2023,geometry_v8,17,3,3,3,,,,2026-08-25T19:43:39
2023/20023851.pdf,20023851,20023851.pdf,2023,geometry_v8,1,1,1,1,,,,2026-08-25T19:43:39
2023/20023861.pdf,20023861,20023861.pdf,2023,geometry_v8,16,3,2,2,,,,2026-08-25T19:43:40
2023/20023867.pdf,20023867,20023867.pdf,2023,geometry_v8,1,1,1,1,,,,2026-08-25T19:43:40
2023/20023887.pdf,20023887,20023887.pdf,2023,geometry_v8,1,1,1,1,,,,2026-08-25T19:43:40
2023/20023891.pdf,20023891,20023891.pdf,2023,geometry_v8,2,1,1,1,,,,2026-08-25T19:43:40
2023/20023892.pdf,20023892,20023892.pdf,2023,geometry_v8,188,33,32,32,"2,3,15,16,17,18,19",,,2026-08-25T19:44:01
2023/20023893.pdf,20023893,20023893.pdf,2023,geometry_v8,1,1,1,1,,,,2026-08-25T19:44:01
2023/20023903.pdf,20023903,20023903.pdf,2023,geometry_v8,5,2,1,1,,,,2026-08-25T19:44:02
2023/20023911.pdf,20023911,20023911.pdf,2023,geometry_v8,1,1,1,1,,,,2026-08-25T19:44:02
2023/20023922.pdf,20023922,20023922.pdf,2023,geometry_v8,12,3,2,2,,,,2026-08-25T19:44:03
2023/20023930.pdf,20023930,20023930.pdf,2023,geometry_v8,2,1,1,1,,,,2026-08-25T19:44:03
2023/20023946.pdf,20023946,20023946.pdf,2023,geometry_v8,8,2,2,2,,,,2026-08-25T19:44:04
2023/20023947.pdf,20023947,20023947.pdf,2023,geometry_v8,2,2,1,1,,,,2026-08-25T19:44:04
2023/20023950.pdf,20023950,20023950.pdf,2023,geometry_v8,3,2,1,1,,,,2026-08-25T19:44:04
2023/20023951.pdf,20023951,20023951.pdf,2023,geometry_v8,3,2,1,1,,,,2026-08-25T19:44:04
2023/20023955.pdf,20023955,20023955.pdf,2023,geometry_v8,2,1,1,1,,,,2026-08-25T19:44:06
2023/20023960.pdf,20023960,20023960.pdf,2023,geometry_v8,2,1,1,1,,,,2026-08-25T19:44:07
2023/20023962.pdf,20023962,20023962.pdf,2023,geometry_v8,1,1,1,1,,,,2026-08-25T19:44:07
2023/20023965.pdf,20023965,20023965.pdf,2023,geometry_v8,5,2,1,1,,,,2026-08-25T19:44:07
2023/20023973.pdf,20023973,20023973.pdf,2023,geometry_v8,57,7,7,7,,,,2026-08-25T19:44:10
2023/20023975.pdf,20023975,20023975.pdf,2023,geometry_v8,10,2,2,2,,,,2026-08-25T19:44:10
2023/20023976.pdf,20023976,20023976.pdf,2023,geometry_v8,3,2,1,1,,,,2026-08-25T19:44:10
2023/20023977.pdf,20023977,20023977.pdf,2023,geometry_v8,1,1,1,1,,,,2026-08-25T19:44:10
2023/20023986.pdf,20023986,20023986.pdf,2023,geometry_v8,1,1,1,1,,,,2026-08-25T19:44:10
2023/20023987.pdf,20023987,20023987.pdf,2023,geometry_v8,9,2,2,2,,,,2026-08-25T19:44:11
2023/20023994.pdf,20023994,20023994.pdf,2023,geometry_v8,1,1,1,1,,,,2026-08-25T19:44:12
2023/20023998.pdf,20023998,20023998.pdf,2023,geometry_v8,3,1,1,1,,,,2026-08-25T19:44:12
2023/20024001.pdf,20024001,20024001.pdf,2023,geometry_v8,4,2,1,1,,,,2026-08-25T19:44:13
2023/20024004.pdf,20024004,20024004.pdf,2023,geometry_v8,3,2,1,1,,,,2026-08-25T19:44:13
2023/20024016.pdf,20024016,20024016.pdf,2023,geometry_v8,2,1,1,1,,,,2026-08-25T19:44:13
2023/20024020.pdf,20024020,20024020.pdf,2023,geometry_v8,6,2,2,2,,,,2026-08-25T19:44:13
2023/20024042.pdf,20024042,20024042.pdf,2023,geometry_v8,4,2,1,1,,,,2026-08-25T19:44:13
2023/20024047.pdf,20024047,20024047.pdf,2023,geometry_v8,3,2,1,1,,,,2026-08-25T19:44:14
2023/20024072.pdf,20024072,20024072.pdf,2023,geometry_v8,7,2,2,2,,,,2026-08-25T19:44:14
2023/20024076.pdf,20024076,20024076.pdf,2023,geometry_v8,5,2,1,1,,,,2026-08-25T19:44:14
2023/20024078.pdf,20024078,20024078.pdf,2023,geometry_v8,4,2,1,1,,,,2026-08-25T19:44:17
2023/20024080.pdf,20024080,20024080.pdf,2023,geometry_v8,1,1,1,1,,,,2026-08-25T19:44:17
2023/20024097.pdf,20024097,20024097.pdf,2023,geometry_v8,33,5,4,4,,,,2026-08-25T19:44:19
2023/20024098.pdf,20024098,20024098.pdf,2023,geometry_v8,4,2,1,1,,,,2026-08-25T19:44:20
2023/20024101.pdf,20024101,20024101.pdf,2023,geometry_v8,3,2,1,1,,,,2026-08-25T19:44:20
2023/20024104.pdf,20024104,20024104.pdf,2023,geometry_v8,8,2,2,2,,,,2026-08-25T19:44:20
2023/20024107.pdf,20024107,20024107.pdf,2023,geometry_v8,5,2,1,1,,,,2026-08-25T19:44:21
2023/20024109.pdf,20024109,20024109.pdf,2023,geometry_v8,4,2,1,1,,,,2026-08-25T19:44:21
2023/20024110.pdf,20024110,20024110.pdf,2023,geometry_v8,1,1,1,1,,,,2026-08-25T19:44:21
2023/20024120.pdf,20024120,20024120.pdf,2023,geometry_v8,2,1,1,1,,,,2026-08-25T19:44:21
2023/20024130.pdf,20024130,20024130.pdf,2023,geometry_v8,7,2,1,2,,,,2026-08-25T19:44:23
2023/20024143.pdf,20024143,20024143.pdf,2023,geometry_v8,1,1,1,1,,,,2026-08-25T19:44:23
2023/20024152.pdf,20024152,20024152.pdf,2023,geometry_v8,57,7,7,7,,,,2026-08-25T19:44:25
2023/20024166.pdf,20024166,20024166.pdf,2023,geometry_v8,1,1,1,1,,,,2026-08-25T19:44:25
2023/20024169.pdf,20024169,20024169.pdf,2023,geometry_v8,6,2,1,1,,,,2026-08-25T19:44:26
2023/20024173.pdf,20024173,20024173.pdf,2023,geometry_v8,6,2,1,1,,,,2026-08-25T19:44:26
2023/20024175.pdf,20024175,20024175.pdf,2023,geometry_v8,2,1,1,1,,,,2026-08-25T19:44:26
2023/20024186.pdf,20024186,20024186.pdf,2023,geometry_v8,1,1,1,1,,,,2026-08-25T19:44:26
2023/20024189.pdf,20024189,20024189.pdf,2023,geometry_v8,1,1,1,1,,,,2026-08-25T19:44:26
2023/20024203.pdf,20024203,20024203.pdf,2023,geometry_v8,1,1,1,1,,,,2026-08-25T19:44:26
2023/20024204.pdf,20024204,20024204.pdf,2023,geometry_v8,3,2,1,1,,,,2026-08-25T19:44:29
2023/20024205.pdf,20024205,20024205.pdf,2023,geometry_v8,1,1,1,1,,,,2026-08-25T19:44:29
2023/8219339.pdf,8219339,8219339.pdf,2023,needs_fallback,0,0,0,0,,,,2026-08-25T19:44:29
2023/8219352.pdf,8219352,8219352.pdf,2023,needs_fallback,0,0,0,0,,,,2026-08-25T19:44:29
2023/8219353.pdf,8219353,8219353.pdf,2023,needs_fallback,0,0,0,0,,,,2026-08-25T19:44:29
2023/8219356.pdf,8219356,8219356.pdf,2023,needs_fallback,0,0,0,0,,,,2026-08-25T19:44:29
2023/8219359.pdf,8219359,8219359.pdf,2023,needs_fallback,0,0,0,0,,,,2026-08-25T19:44:29
2023/8219362.pdf,8219362,8219362.pdf,2023,needs_fallback,0,0,0,0,,,,2026-08-25T19:44:29
2023/8219383.pdf,8219383,8219383.pdf,2023,needs_fallback,0,0,0,0,,,,2026-08-25T19:44:29
2023/8219384.pdf,8219384,8219384.pdf,2023,needs_fallback,0,0,0,0,,,,2026-08-25T19:44:29
2023/8219412.pdf,8219412,8219412.pdf,2023,needs_fallback,0,0,0,0,,,,2026-08-25T19:44:31
2023/8219414.pdf,8219414,8219414.pdf,2023,needs_fallback,0,0,0,0,,,,2026-08-25T19:44:31
2023/8219415.pdf,8219415,8219415.pdf,2023,needs_fallback,0,0,0,0,,,,2026-08-25T19:44:31
2023/8219417.pdf,8219417,8219417.pdf,2023,needs_fallback,0,0,0,0,,,,2026-08-25T19:44:31
2023/8219420.pdf,8219420,8219420.pdf,2023,needs_fallback,0,0,0,0,,,,2026-08-25T19:44:31
2023/8219422.pdf,8219422,8219422.pdf,2023,needs_fallback,0,0,0,0,,,,2026-08-25T19:44:31
2023/8219425.pdf,8219425,8219425.pdf,2023,needs_fallback,0,0,0,0,,,,2026-08-25T19:44:31
2023/8219430.pdf,8219430,8219430.pdf,2023,needs_fallback,0,0,0,0,,,,2026-08-25T19:44:31
2023/8219432.pdf,8219432,8219432.pdf,2023,needs_fallback,0,0,0,0,,,,2026-08-25T19:44:31
2023/8219436.pdf,8219436,8219436.pdf,2023,needs_fallback,0,0,0,0,,,,2026-08-25T19:44:31
2023/8219442.pdf,8219442,8219442.pdf,2023,needs_fallback,0,0,0,0,,,,2026-08-25T19:44:33
2023/8219444.pdf,8219444,8219444.pdf,2023,needs_fallback,0,0,0,0,,,,2026-08-25T19:44:33
2023/8219447.pdf,8219447,8219447.pdf,2023,needs_fallback,0,0,0,0,,,,2026-08-25T19:44:33
2023/8219455.pdf,8219455,8219455.pdf,2023,needs_fallback,0,0,0,0,,,,2026-08-25T19:44:33
2023/8219469.pdf,8219469,8219469.pdf,2023,needs_fallback,0,0,0,0,,,,2026-08-25T19:44:33
2023/8219470.pdf,8219470,8219470.pdf,2023,needs_fallback,0,0,0,0,,,,2026-08-25T19:44:33
2023/8219483.pdf,8219483,8219483.pdf,2023,needs_fallback,0,0,0,0,,,,2026-08-25T19:44:33
2023/8219485.pdf,8219485,8219485.pdf,2023,needs_fallback,0,0,0,0,,,,2026-08-25T19:44:33
2023/8219521.pdf,8219521,8219521.pdf,2023,needs_fallback,0,0,0,0,,,,2026-08-25T19:44:33
2023/8219522.pdf,8219522,8219522.pdf,2023,needs_fallback,0,0,0,0,,,,2026-08-25T19:44:33
2023/8219524.pdf,8219524,8219524.pdf,2023,needs_fallback,0,0,0,0,,,,2026-08-25T19:44:35
2023/8219525.pdf,8219525,8219525.pdf,2023,needs_fallback,0,0,0,0,,,,2026-08-25T19:44:35
2023/8219527.pdf,8219527,8219527.pdf,2023,needs_fallback,0,0,0,0,,,,2026-08-25T19:44:35
2023/8219742.pdf,8219742,8219742.pdf,2023,needs_fallback,0,0,0,0,,,,2026-08-25T19:44:35
2023/8219743.pdf,8219743,8219743.pdf,2023,needs_fallback,0,0,0,0,,,,2026-08-25T19:44:35
2023/8219748.pdf,8219748,8219748.pdf,2023,needs_fallback,0,0,0,0,,,,2026-08-25T19:44:35
2023/8219783.pdf,8219783,8219783.pdf,2023,needs_fallback,0,0,0,0,,,,2026-08-25T19:44:35
2023/8219799.pdf,8219799,8219799.pdf,2023,needs_fallback,0,0,0,0,,,,2026-08-25T19:44:35
2023/8219808.pdf,8219808,8219808.pdf,2023,needs_fallback,0,0,0,0,,,,2026-08-25T19:44:35
2023/8219814.pdf,8219814,8219814.pdf,2023,needs_fallback,0,0,0,0,,,,2026-08-25T19:44:35
2023/8219826.pdf,8219826,8219826.pdf,2023,needs_fallback,0,0,0,0,,,,2026-08-25T19:44:36
2023/8219834.pdf,8219834,8219834.pdf,2023,needs_fallback,0,0,0,0,,,,2026-08-25T19:44:36
2023/8219843.pdf,8219843,8219843.pdf,2023,needs_fallback,0,0,0,0,,,,2026-08-25T19:44:36
2023/8219845.pdf,8219845,8219845.pdf,2023,needs_fallback,0,0,0,0,,,,2026-08-25T19:44:36
2023/8219854.pdf,8219854,8219854.pdf,2023,needs_fallback,0,0,0,0,,,,2026-08-25T19:44:36
2023/8219876.pdf,8219876,8219876.pdf,2023,needs_fallback,0,0,0,0,,,,2026-08-25T19:44:37
2023/8219893.pdf,8219893,8219893.pdf,2023,needs_fallback,0,0,0,0,,,,2026-08-25T19:44:37
2023/8219904.pdf,8219904,8219904.pdf,2023,needs_fallback,0,0,0,0,,,,2026-08-25T19:44:37
2023/8219905.pdf,8219905,8219905.pdf,2023,needs_fallback,0,0,0,0,,,,2026-08-25T19:44:37
2023/8219919.pdf,8219919,8219919.pdf,2023,needs_fallback,0,0,0,0,,,,2026-08-25T19:44:37
2023/8219921.pdf,8219921,8219921.pdf,2023,needs_fallback,0,0,0,0,,,,2026-08-25T19:44:39
2023/8219922.pdf,8219922,8219922.pdf,2023,needs_fallback,0,0,0,0,,,,2026-08-25T19:44:39
2023/8219944.pdf,8219944,8219944.pdf,2023,needs_fallback,0,0,0,0,,,,2026-08-25T19:44:39
2023/8219953.pdf,8219953,8219953.pdf,2023,needs_fallback,0,0,0,0,,,,2026-08-25T19:44:39
2023/8219959.pdf,8219959,8219959.pdf,2023,needs_fallback,0,0,0,0,,,,2026-08-25T19:44:39
2023/8219971.pdf,8219971,8219971.pdf,2023,needs_fallback,0,0,0,0,,,,2026-08-25T19:44:39
2023/8219972.pdf,8219972,8219972.pdf,2023,needs_fallback,0,0,0,0,,,,2026-08-25T19:44:39
2023/8219992.pdf,8219992,8219992.pdf,2023,needs_fallback,0,0,0,0,,,,2026-08-25T19:44:39
2023/8220010.pdf,8220010,8220010.pdf,2023,needs_fallback,0,0,0,0,,,,2026-08-25T19:44:39
2023/8220023.pdf,8220023,8220023.pdf,2023,needs_fallback,0,0,0,0,,,,2026-08-25T19:44:39
2023/8220037.pdf,8220037,8220037.pdf,2023,needs_fallback,0,0,0,0,,,,2026-08-25T19:44:40
2023/8220039.pdf,8220039,8220039.pdf,2023,needs_fallback,0,0,0,0,,,,2026-08-25T19:44:40
2023/8220046.pdf,8220046,8220046.pdf,2023,needs_fallback,0,0,0,0,,,,2026-08-25T19:44:40
2023/8220049.pdf,8220049,8220049.pdf,2023,needs_fallback,0,0,0,0,,,,2026-08-25T19:44:40
2023/8220051.pdf,8220051,8220051.pdf,2023,needs_fallback,0,0,0,0,,,,2026-08-25T19:44:40
2023/8220060.pdf,8220060,8220060.pdf,2023,needs_fallback,0,0,0,0,,,,2026-08-25T19:44:40
2023/8220067.pdf,8220067,8220067.pdf,2023,needs_fallback,0,0,0,0,,,,2026-08-25T19:44:40
2023/8220068.pdf,8220068,8220068.pdf,2023,needs_fallback,0,0,0,0,,,,2026-08-25T19:44:40
2023/8220074.pdf,8220074,8220074.pdf,2023,needs_fallback,0,0,0,0,,,,2026-08-25T19:44:40
2023/8220078.pdf,8220078,8220078.pdf,2023,needs_fallback,0,0,0,0,,,,2026-08-25T19:44:40
2023/8220079.pdf,8220079,8220079.pdf,2023,needs_fallback,0,0,0,0,,,,2026-08-25T19:44:41
2023/8220092.pdf,8220092,8220092.pdf,2023,needs_fallback,0,0,0,0,,,,2026-08-25T19:44:41
2023/8220100.pdf,8220100,8220100.pdf,2023,needs_fallback,0,0,0,0,,,,2026-08-25T19:44:41
2023/8220106.pdf,8220106,8220106.pdf,2023,needs_fallback,0,0,0,0,,,,2026-08-25T19:44:41
2024/20000788.pdf,20000788,20000788.pdf,2024,geometry_v8,2,2,1,1,,,,2026-08-25T19:44:42
2024/20021523.pdf,20021523,20021523.pdf,2024,geometry_v8,12,3,2,2,,,,2026-08-25T19:44:42
2024/20023767.pdf,20023767,20023767.pdf,2024,geometry_v8,3,2,1,1,,,,2026-08-25T19:44:42
2024/20023805.pdf,20023805,20023805.pdf,2024,geometry_v8,8,2,2,2,,,,2026-08-25T19:44:43
2024/20024062.pdf,20024062,20024062.pdf,2024,geometry_v8,2,1,1,1,,,,2026-08-25T19:44:43
2024/20024188.pdf,20024188,20024188.pdf,2024,geometry_v8,2,1,1,1,,,,2026-08-25T19:44:43
2024/20024212.pdf,20024212,20024212.pdf,2024,geometry_v8,4,2,1,1,,,,2026-08-25T19:44:46
2024/20024215.pdf,20024215,20024215.pdf,2024,geometry_v8,2,1,1,1,,,,2026-08-25T19:44:47
2024/20024230.pdf,20024230,20024230.pdf,2024,geometry_v8,4,2,1,1,,,,2026-08-25T19:44:47
2024/20024231.pdf,20024231,20024231.pdf,2024,geometry_v8,23,4,3,3,,,,2026-08-25T19:44:48
2024/20024248.pdf,20024248,20024248.pdf,2024,geometry_v8,42,6,5,5,,,,2026-08-25T19:44:50
2024/20024249.pdf,20024249,20024249.pdf,2024,geometry_v8,1,1,1,1,,,,2026-08-25T19:44:50
2024/20024253.pdf,20024253,20024253.pdf,2024,geometry_v8,5,2,1,1,,,,2026-08-25T19:44:51
2024/20024254.pdf,20024254,20024254.pdf,2024,geometry_v8,4,1,1,1,,,,2026-08-25T19:44:51
2024/20024265.pdf,20024265,20024265.pdf,2024,geometry_v8,4,1,1,1,,,,2026-08-25T19:44:51
2024/20024268.pdf,20024268,20024268.pdf,2024,geometry_v8,5,2,1,1,,,,2026-08-25T19:44:51
2024/20024270.pdf,20024270,20024270.pdf,2024,geometry_v8,1,1,1,1,,,,2026-08-25T19:44:53
2024/20024271.pdf,20024271,20024271.pdf,2024,geometry_v8,1,1,1,1,,,,2026-08-25T19:44:53
2024/20024275.pdf,20024275,20024275.pdf,2024,geometry_v8,2,1,1,1,,,,2026-08-25T19:44:53
2024/20024277.pdf,20024277,20024277.pdf,2024,geometry_v8,4,2,1,1,,,,2026-08-25T19:44:53
2024/20024286.pdf,20024286,20024286.pdf,2024,geometry_v8,34,5,4,4,,,,2026-08-25T19:44:55
2024/20024296.pdf,20024296,20024296.pdf,2024,geometry_v8,2,1,1,1,,,,2026-08-25T19:44:55
2024/20024300.pdf,20024300,20024300.pdf,2024,geometry_v8,1,1,1,1,,,,2026-08-25T19:44:55
2024/20024305.pdf,20024305,20024305.pdf,2024,geometry_v8,16,3,3,3,,,,2026-08-25T19:44:56
2024/20024309.pdf,20024309,20024309.pdf,2024,geometry_v8,1,1,1,1,,,,2026-08-25T19:44:56
2024/20024316.pdf,20024316,20024316.pdf,2024,geometry_v8,7,2,1,1,,,,2026-08-25T19:44:56
2024/20024317.pdf,20024317,20024317.pdf,2024,geometry_v8,2,1,1,1,,,,2026-08-25T19:44:59
2024/20024324.pdf,20024324,20024324.pdf,2024,geometry_v8,3,2,1,1,,,,2026-08-25T19:44:59
2024/20024330.pdf,20024330,20024330.pdf,2024,geometry_v8,11,2,2,2,,,,2026-08-25T19:45:00
2024/20024339.pdf,20024339,20024339.pdf,2024,geometry_v8,4,2,1,1,,,,2026-08-25T19:45:00
2024/20024347.pdf,20024347,20024347.pdf,2024,geometry_v8,2,1,1,1,,,,2026-08-25T19:45:00
2024/20024353.pdf,20024353,20024353.pdf,2024,geometry_v8,1,1,1,1,,,,2026-08-25T19:45:01
2024/20024354.pdf,20024354,20024354.pdf,2024,geometry_v8,40,6,5,5,,,,2026-08-25T19:45:03
2024/20024369.pdf,20024369,20024369.pdf,2024,geometry_v8,6,2,1,1,,,,2026-08-25T19:45:03
2024/20024375.pdf,20024375,20024375.pdf,2024,geometry_v8,3,2,1,1,,,,2026-08-25T19:45:04
2024/20024380.pdf,20024380,20024380.pdf,2024,geometry_v8,1,1,1,1,,,,2026-08-25T19:45:04
2024/20024392.pdf,20024392,20024392.pdf,2024,geometry_v8,1,1,1,1,,,,2026-08-25T19:45:05
2024/20024403.pdf,20024403,20024403.pdf,2024,geometry_v8,2,1,1,1,,,,2026-08-25T19:45:05
2024/20024413.pdf,20024413,20024413.pdf,2024,geometry_v8,1,1,1,1,,,,2026-08-25T19:45:05
2024/20024424.pdf,20024424,20024424.pdf,2024,geometry_v8,11,2,2,2,,,,2026-08-25T19:45:06
2024/20024425.pdf,20024425,20024425.pdf,2024,geometry_v8,3,1,1,1,,,,2026-08-25T19:45:06
2024/20024435.pdf,20024435,20024435.pdf,2024,geometry_v8,1,1,1,1,,,,2026-08-25T19:45:06
2024/20024436.pdf,20024436,20024436.pdf,2024,geometry_v8,93,11,11,11,,,,2026-08-25T19:45:11
2024/20024437.pdf,20024437,20024437.pdf,2024,geometry_v8,2,1,1,1,,,,2026-08-25T19:45:11
2024/20024445.pdf,20024445,20024445.pdf,2024,geometry_v8,5,2,2,2,,,,2026-08-25T19:45:11
2024/20024446.pdf,20024446,20024446.pdf,2024,geometry_v8,1,1,1,1,,,,2026-08-25T19:45:11
2024/20024450.pdf,20024450,20024450.pdf,2024,geometry_v8,6,2,1,1,,,,2026-08-25T19:45:14
2024/20024458.pdf,20024458,20024458.pdf,2024,geometry_v8,3,2,1,1,,,,2026-08-25T19:45:15
2024/20024461.pdf,20024461,20024461.pdf,2024,geometry_v8,37,5,5,5,,,,2026-08-25T19:45:17
2024/20024465.pdf,20024465,20024465.pdf,2024,geometry_v8,1,1,1,1,,,,2026-08-25T19:45:17
2024/20024468.pdf,20024468,20024468.pdf,2024,geometry_v8,15,2,2,2,,,,2026-08-25T19:45:18
2024/20024472.pdf,20024472,20024472.pdf,2024,geometry_v8,1,1,1,1,,,,2026-08-25T19:45:18
2024/20024477.pdf,20024477,20024477.pdf,2024,geometry_v8,5,2,1,1,,,,2026-08-25T19:45:18
2024/20024481.pdf,20024481,20024481.pdf,2024,geometry_v8,5,2,1,1,,,,2026-08-25T19:45:19
2024/20024492.pdf,20024492,20024492.pdf,2024,geometry_v8,1,1,1,1,,,,2026-08-25T19:45:19
2024/20024494.pdf,20024494,20024494.pdf,2024,geometry_v8,2,1,1,1,,,,2026-08-25T19:45:19
2024/20024495.pdf,20024495,20024495.pdf,2024,geometry_v8,6,2,1,1,,,,2026-08-25T19:45:20
2024/20024505.pdf,20024505,20024505.pdf,2024,geometry_v8,1,1,1,1,,,,2026-08-25T19:45:20
2024/20024509.pdf,20024509,20024509.pdf,2024,geometry_v8,2,1,1,1,,,,2026-08-25T19:45:21
2024/20024515.pdf,20024515,20024515.pdf,2024,geometry_v8,3,2,1,1,,,,2026-08-25T19:45:21
2024/20024517.pdf,20024517,20024517.pdf,2024,geometry_v8,1,1,1,1,,,,2026-08-25T19:45:21
2024/20024519.pdf,20024519,20024519.pdf,2024,geometry_v8,1,1,1,1,,,,2026-08-25T19:45:21
2024/20024540.pdf,20024540,20024540.pdf,2024,geometry_v8,2,1,1,1,,,,2026-08-25T19:45:21
2024/20024542.pdf,20024542,20024542.pdf,2024,geometry_v8,2,1,1,1,,,,2026-08-25T19:45:21
2024/20024572.pdf,20024572,20024572.pdf,2024,geometry_v8,1,1,1,1,,,,2026-08-25T19:45:21
2024/20024577.pdf,20024577,20024577.pdf,2024,geometry_v8,1,1,1,1,,,,2026-08-25T19:45:21
2024/20024580.pdf,20024580,20024580.pdf,2024,geometry_v8,6,2,1,1,,,,2026-08-25T19:45:24
2024/20024581.pdf,20024581,20024581.pdf,2024,geometry_v8,3,1,1,1,,,,2026-08-25T19:45:24
2024/20024588.pdf,20024588,20024588.pdf,2024,geometry_v8,3,2,1,1,,,,2026-08-25T19:45:24
2024/20024596.pdf,20024596,20024596.pdf,2024,geometry_v8,16,3,2,2,,,,2026-08-25T19:45:25
2024/20024604.pdf,20024604,20024604.pdf,2024,geometry_v8,1,1,1,1,,,,2026-08-25T19:45:25
2024/20024606.pdf,20024606,20024606.pdf,2024,geometry_v8,1,1,1,1,,,,2026-08-25T19:45:25
2024/20024611.pdf,20024611,20024611.pdf,2024,geometry_v8,1,1,1,1,,,,2026-08-25T19:45:25
2024/20024612.pdf,20024612,20024612.pdf,2024,geometry_v8,42,6,6,6,,,,2026-08-25T19:45:28
2024/20024622.pdf,20024622,20024622.pdf,2024,geometry_v8,1,1,1,1,,,,2026-08-25T19:45:28
2024/20024625.pdf,20024625,20024625.pdf,2024,geometry_v8,1,1,1,1,,,,2026-08-25T19:45:28
2024/20024627.pdf,20024627,20024627.pdf,2024,geometry_v8,7,2,1,1,,,,2026-08-25T19:45:31
2024/20024632.pdf,20024632,20024632.pdf,2024,geometry_v8,6,2,1,1,,,,2026-08-25T19:45:31
2024/20024649.pdf,20024649,20024649.pdf,2024,geometry_v8,2,1,1,1,,,,2026-08-25T19:45:31
2024/20024654.pdf,20024654,20024654.pdf,2024,geometry_v8,1,1,1,1,,,,2026-08-25T19:45:31
2024/20024660.pdf,20024660,20024660.pdf,2024,geometry_v8,1,1,1,1,,,,2026-08-25T19:45:31
2024/20024662.pdf,20024662,20024662.pdf,2024,geometry_v8,3,1,1,1,,,,2026-08-25T19:45:31
2024/20024668.pdf,20024668,20024668.pdf,2024,geometry_v8,5,2,1,1,,,,2026-08-25T19:45:32
2024/20024669.pdf,20024669,20024669.pdf,2024,geometry_v8,7,2,2,2,,,,2026-08-25T19:45:32
2024/20024671.pdf,20024671,20024671.pdf,2024,geometry_v8,1,1,1,1,,,,2026-08-25T19:45:32
2024/20024672.pdf,20024672,20024672.pdf,2024,geometry_v8,61,8,8,8,,,,2026-08-25T19:45:35
2024/20024673.pdf,20024673,20024673.pdf,2024,geometry_v8,1,1,1,1,,,,2026-08-25T19:45:36
2024/20024677.pdf,20024677,20024677.pdf,2024,geometry_v8,1,1,1,1,,,,2026-08-25T19:45:36
2024/20024685.pdf,20024685,20024685.pdf,2024,geometry_v8,2,1,1,1,,,,2026-08-25T19:45:37
2024/20024705.pdf,20024705,20024705.pdf,2024,geometry_v8,1,1,1,1,,,,2026-08-25T19:45:37
2024/20024710.pdf,20024710,20024710.pdf,2024,geometry_v8,4,2,1,1,,,,2026-08-25T19:45:37
2024/20024722.pdf,20024722,20024722.pdf,2024,geometry_v8,2,1,1,1,,,,2026-08-25T19:45:37
2024/20024728.pdf,20024728,20024728.pdf,2024,geometry_v8,3,2,1,1,,,,2026-08-25T19:45:37
2024/20024730.pdf,20024730,20024730.pdf,2024,geometry_v8,28,4,4,4,,,,2026-08-25T19:45:38
2024/20024743.pdf,20024743,20024743.pdf,2024,geometry_v8,3,2,1,1,,,,2026-08-25T19:45:39
2024/20024750.pdf,20024750,20024750.pdf,2024,geometry_v8,2,1,1,1,,,,2026-08-25T19:45:40
2024/20024754.pdf,20024754,20024754.pdf,2024,geometry_v8,1,1,1,1,,,,2026-08-25T19:45:41
2024/20024758.pdf,20024758,20024758.pdf,2024,geometry_v8,2,1,1,1,,,,2026-08-25T19:45:41
2024/20024769.pdf,20024769,20024769.pdf,2024,geometry_v8,1,1,1,1,,,,2026-08-25T19:45:41
2024/20024772.pdf,20024772,20024772.pdf,2024,geometry_v8,1,1,1,1,,,,2026-08-25T19:45:41
2024/20024787.pdf,20024787,20024787.pdf,2024,geometry_v8,1,1,1,1,,,,2026-08-25T19:45:41
2024/20024795.pdf,20024795,20024795.pdf,2024,geometry_v8,2,1,1,1,,,,2026-08-25T19:45:42
2024/20024797.pdf,20024797,20024797.pdf,2024,geometry_v8,2,1,1,1,,,,2026-08-25T19:45:42
2024/20024800.pdf,20024800,20024800.pdf,2024,geometry_v8,1,1,1,1,,,,2026-08-25T19:45:42
2024/20024801.pdf,20024801,20024801.pdf,2024,geometry_v8,33,5,4,5,,,,2026-08-25T19:45:45
2024/20024810.pdf,20024810,20024810.pdf,2024,geometry_v8,1,1,1,1,,,,2026-08-25T19:45:45
2024/20024811.pdf,20024811,20024811.pdf,2024,geometry_v8,5,2,1,1,,,,2026-08-25T19:45:47
2024/20024825.pdf,20024825,20024825.pdf,2024,geometry_v8,3,1,1,1,,,,2026-08-25T19:45:47
2024/20024836.pdf,20024836,20024836.pdf,2024,geometry_v8,1,1,1,1,,,,2026-08-25T19:45:47
2024/20024837.pdf,20024837,20024837.pdf,2024,geometry_v8,2,1,1,1,,,,2026-08-25T19:45:47
2024/20024838.pdf,20024838,20024838.pdf,2024,geometry_v8,2,1,1,1,,,,2026-08-25T19:45:47
2024/20024839.pdf,20024839,20024839.pdf,2024,geometry_v8,4,2,1,1,,,,2026-08-25T19:45:47
2024/20024842.pdf,20024842,20024842.pdf,2024,geometry_v8,2,1,1,1,,,,2026-08-25T19:45:48
2024/20024846.pdf,20024846,20024846.pdf,2024,geometry_v8,1,1,1,1,,,,2026-08-25T19:45:48
2024/20024848.pdf,20024848,20024848.pdf,2024,geometry_v8,7,2,1,2,,,,2026-08-25T19:45:48
2024/20024852.pdf,20024852,20024852.pdf,2024,geometry_v8,3,2,1,1,,,,2026-08-25T19:45:48
2024/20024862.pdf,20024862,20024862.pdf,2024,geometry_v8,12,2,2,2,,,,2026-08-25T19:45:51
2024/20024869.pdf,20024869,20024869.pdf,2024,geometry_v8,15,3,3,3,,,,2026-08-25T19:45:52
2024/20024876.pdf,20024876,20024876.pdf,2024,geometry_v8,1,1,1,1,,,,2026-08-25T19:45:52
2024/20024901.pdf,20024901,20024901.pdf,2024,geometry_v8,1,1,1,1,,,,2026-08-25T19:45:52
2024/20024916.pdf,20024916,20024916.pdf,2024,geometry_v8,2,1,1,1,,,,2026-08-25T19:45:52
2024/20024917.pdf,20024917,20024917.pdf,2024,geometry_v8,31,5,4,4,,,,2026-08-25T19:45:53
2024/20024923.pdf,20024923,20024923.pdf,2024,geometry_v8,3,1,1,1,,,,2026-08-25T19:45:53
2024/20024924.pdf,20024924,20024924.pdf,2024,geometry_v8,18,3,3,3,,,,2026-08-25T19:45:54
2024/20024954.pdf,20024954,20024954.pdf,2024,geometry_v8,1,1,1,1,,,,2026-08-25T19:45:54
2024/20024966.pdf,20024966,20024966.pdf,2024,geometry_v8,4,1,1,1,,,,2026-08-25T19:45:54
2024/20024982.pdf,20024982,20024982.pdf,2024,geometry_v8,1,1,1,1,,,,2026-08-25T19:45:56
2024/20024984.pdf,20024984,20024984.pdf,2024,geometry_v8,16,3,3,3,,,,2026-08-25T19:45:57
2024/20024986.pdf,20024986,20024986.pdf,2024,geometry_v8,1,1,1,1,,,,2026-08-25T19:45:57
2024/20024996.pdf,20024996,20024996.pdf,2024,geometry_v8,4,1,1,1,,,,2026-08-25T19:45:58
2024/20024997.pdf,20024997,20024997.pdf,2024,geometry_v8,1,1,1,1,,,,2026-08-25T19:45:58
2024/20025000.pdf,20025000,20025000.pdf,2024,geometry_v8,4,2,1,1,,,,2026-08-25T19:45:58
2024/20025006.pdf,20025006,20025006.pdf,2024,geometry_v8,1,1,1,1,,,,2026-08-25T19:45:58
2024/20025014.pdf,20025014,20025014.pdf,2024,geometry_v8,2,1,1,1,,,,2026-08-25T19:45:59
2024/20025020.pdf,20025020,20025020.pdf,2024,geometry_v8,29,4,4,4,,,,2026-08-25T19:46:01
2024/20025021.pdf,20025021,20025021.pdf,2024,geometry_v8,1,1,1,1,,,,2026-08-25T19:46:01
2024/20025025.pdf,20025025,20025025.pdf,2024,geometry_v8,1,1,1,1,,,,2026-08-25T19:46:03
2024/20025026.pdf,20025026,20025026.pdf,2024,geometry_v8,3,1,1,1,,,,2026-08-25T19:46:03
2024/20025031.pdf,20025031,20025031.pdf,2024,geometry_v8,3,2,1,1,,,,2026-08-25T19:46:03
2024/20025035.pdf,20025035,20025035.pdf,2024,geometry_v8,1,1,1,1,,,,2026-08-25T19:46:04
2024/20025037.pdf,20025037,20025037.pdf,2024,geometry_v8,1,1,1,1,,,,2026-08-25T19:46:04
2024/20025040.pdf,20025040,20025040.pdf,2024,geometry_v8,3,2,1,1,,,,2026-08-25T19:46:04
2024/20025052.pdf,20025052,20025052.pdf,2024,geometry_v8,1,1,1,1,,,,2026-08-25T19:46:04
2024/20025053.pdf,20025053,20025053.pdf,2024,geometry_v8,1,1,1,1,,,,2026-08-25T19:46:04
2024/20025056.pdf,20025056,20025056.pdf,2024,geometry_v8,2,2,1,1,,,,2026-08-25T19:46:04
2024/20025059.pdf,20025059,20025059.pdf,2024,geometry_v8,2,1,1,1,,,,2026-08-25T19:46:04
2024/20025061.pdf,20025061,20025061.pdf,2024,geometry_v8,1,1,1,1,,,,2026-08-25T19:46:06
2024/20025064.pdf,20025064,20025064.pdf,2024,geometry_v8,2,1,1,1,,,,2026-08-25T19:46:06
2024/20025065.pdf,20025065,20025065.pdf,2024,geometry_v8,1,1,1,1,,,,2026-08-25T19:46:06
2024/20025087.pdf,20025087,20025087.pdf,2024,geometry_v8,1,1,1,1,,,,2026-08-25T19:46:06
2024/20025096.pdf,20025096,20025096.pdf,2024,geometry_v8,1,1,1,1,,,,2026-08-25T19:46:06
2024/20025103.pdf,20025103,20025103.pdf,2024,geometry_v8,3,1,1,1,,,,2026-08-25T19:46:06
2024/20025104.pdf,20025104,20025104.pdf,2024,geometry_v8,2,2,1,1,,,,2026-08-25T19:46:06
2024/20025107.pdf,20025107,20025107.pdf,2024,geometry_v8,3,2,1,1,,,,2026-08-25T19:46:07
2024/20025108.pdf,20025108,20025108.pdf,2024,geometry_v8,9,2,2,2,,,,2026-08-25T19:46:07
2024/20025111.pdf,20025111,20025111.pdf,2024,geometry_v8,6,2,1,1,,,,2026-08-25T19:46:07
2024/20025112.pdf,20025112,20025112.pdf,2024,geometry_v8,3,2,1,1,,,,2026-08-25T19:46:10
2024/20025115.pdf,20025115,20025115.pdf,2024,geometry_v8,1,1,1,1,,,,2026-08-25T19:46:10
2024/20025116.pdf,20025116,20025116.pdf,2024,geometry_v8,1,1,1,1,,,,2026-08-25T19:46:10
2024/20025119.pdf,20025119,20025119.pdf,2024,geometry_v8,10,2,2,2,,,,2026-08-25T19:46:10
2024/20025123.pdf,20025123,20025123.pdf,2024,geometry_v8,1,1,1,1,,,,2026-08-25T19:46:10
2024/20025133.pdf,20025133,20025133.pdf,2024,geometry_v8,4,2,1,1,,,,2026-08-25T19:46:11
2024/20025151.pdf,20025151,20025151.pdf,2024,geometry_v8,17,3,3,3,,,,2026-08-25T19:46:12
2024/20025152.pdf,20025152,20025152.pdf,2024,geometry_v8,1,1,1,1,,,,2026-08-25T19:46:12
2024/20025165.pdf,20025165,20025165.pdf,2024,geometry_v8,1,1,1,1,,,,2026-08-25T19:46:13
2024/20025170.pdf,20025170,20025170.pdf,2024,geometry_v8,1,1,1,1,,,,2026-08-25T19:46:13
2024/20025178.pdf,20025178,20025178.pdf,2024,geometry_v8,4,1,1,1,,,,2026-08-25T19:46:15
2024/20025179.pdf,20025179,20025179.pdf,2024,geometry_v8,1,1,1,1,,,,2026-08-25T19:46:15
2024/20025194.pdf,20025194,20025194.pdf,2024,geometry_v8,5,2,1,1,,,,2026-08-25T19:46:15
2024/20025200.pdf,20025200,20025200.pdf,2024,geometry_v8,6,2,1,1,,,,2026-08-25T19:46:16
2024/20025201.pdf,20025201,20025201.pdf,2024,geometry_v8,1,1,1,1,,,,2026-08-25T19:46:16
2024/20025202.pdf,20025202,20025202.pdf,2024,geometry_v8,1,1,1,1,,,,2026-08-25T19:46:16
2024/20025203.pdf,20025203,20025203.pdf,2024,geometry_v8,10,2,2,2,,,,2026-08-25T19:46:16
2024/20025205.pdf,20025205,20025205.pdf,2024,geometry_v8,1,1,1,1,,,,2026-08-25T19:46:16
2024/20025207.pdf,20025207,20025207.pdf,2024,geometry_v8,32,5,4,4,,,,2026-08-25T19:46:18
2024/20025214.pdf,20025214,20025214.pdf,2024,geometry_v8,1,1,1,1,,,,2026-08-25T19:46:18
2024/20025219.pdf,20025219,20025219.pdf,2024,geometry_v8,1,1,1,1,,,,2026-08-25T19:46:20
2024/20025224.pdf,20025224,20025224.pdf,2024,geometry_v8,1,1,1,1,,,,2026-08-25T19:46:20
2024/20025226.pdf,20025226,20025226.pdf,2024,geometry_v8,3,2,1,1,,,,2026-08-25T19:46:21
2024/20025232.pdf,20025232,20025232.pdf,2024,geometry_v8,9,2,2,2,,,,2026-08-25T19:46:21
2024/20025236.pdf,20025236,20025236.pdf,2024,geometry_v8,2,1,1,1,,,,2026-08-25T19:46:21
2024/20025238.pdf,20025238,20025238.pdf,2024,geometry_v8,1,1,1,1,,,,2026-08-25T19:46:21
2024/20025240.pdf,20025240,20025240.pdf,2024,geometry_v8,1,1,1,1,,,,2026-08-25T19:46:21
2024/20025243.pdf,20025243,20025243.pdf,2024,geometry_v8,1,1,1,1,,,,2026-08-25T19:46:21
2024/20025255.pdf,20025255,20025255.pdf,2024,geometry_v8,1,1,1,1,,,,2026-08-25T19:46:22
2024/20025257.pdf,20025257,20025257.pdf,2024,geometry_v8,1,1,1,1,,,,2026-08-25T19:46:22
2024/20025280.pdf,20025280,20025280.pdf,2024,geometry_v8,11,2,2,2,,,,2026-08-25T19:46:23
2024/20025281.pdf,20025281,20025281.pdf,2024,geometry_v8,1,1,1,1,,,,2026-08-25T19:46:24
2024/20025282.pdf,20025282,20025282.pdf,2024,geometry_v8,1,1,1,1,,,,2026-08-25T19:46:24
2024/20025285.pdf,20025285,20025285.pdf,2024,geometry_v8,5,2,1,1,,,,2026-08-25T19:46:24
2024/20025287.pdf,20025287,20025287.pdf,2024,geometry_v8,2,1,1,1,,,,2026-08-25T19:46:24
2024/20025291.pdf,20025291,20025291.pdf,2024,geometry_v8,3,2,1,1,,,,2026-08-25T19:46:24
2024/20025306.pdf,20025306,20025306.pdf,2024,geometry_v8,3,2,1,1,,,,2026-08-25T19:46:24
2024/20025312.pdf,20025312,20025312.pdf,2024,geometry_v8,1,1,1,1,,,,2026-08-25T19:46:24
2024/20025328.pdf,20025328,20025328.pdf,2024,geometry_v8,1,1,1,1,,,,2026-08-25T19:46:25
2024/20025337.pdf,20025337,20025337.pdf,2024,geometry_v8,7,2,1,1,,,,2026-08-25T19:46:25
2024/20025345.pdf,20025345,20025345.pdf,2024,geometry_v8,3,1,1,1,,,,2026-08-25T19:46:27
2024/20025348.pdf,20025348,20025348.pdf,2024,geometry_v8,1,1,1,1,,,,2026-08-25T19:46:27
2024/20025349.pdf,20025349,20025349.pdf,2024,geometry_v8,1,1,1,1,,,,2026-08-25T19:46:27
2024/20025360.pdf,20025360,20025360.pdf,2024,geometry_v8,1,1,1,1,,,,2026-08-25T19:46:28
2024/20025368.pdf,20025368,20025368.pdf,2024,geometry_v8,4,2,1,1,,,,2026-08-25T19:46:28
2024/20025371.pdf,20025371,20025371.pdf,2024,geometry_v8,2,1,1,1,,,,2026-08-25T19:46:28
2024/20025372.pdf,20025372,20025372.pdf,2024,geometry_v8,1,1,1,1,,,,2026-08-25T19:46:28
2024/20025373.pdf,20025373,20025373.pdf,2024,geometry_v8,1,1,1,1,,,,2026-08-25T19:46:28
2024/20025379.pdf,20025379,20025379.pdf,2024,geometry_v8,1,1,1,1,,,,2026-08-25T19:46:29
2024/20025384.pdf,20025384,20025384.pdf,2024,geometry_v8,3,2,1,1,,,,2026-08-25T19:46:29
2024/20025387.pdf,20025387,20025387.pdf,2024,geometry_v8,2,1,1,1,,,,2026-08-25T19:46:31
2024/20025388.pdf,20025388,20025388.pdf,2024,geometry_v8,3,2,1,1,,,,2026-08-25T19:46:32
2024/20025397.pdf,20025397,20025397.pdf,2024,geometry_v8,4,2,1,1,,,,2026-08-25T19:46:32
2024/20025403.pdf,20025403,20025403.pdf,2024,geometry_v8,4,2,1,1,,,,2026-08-25T19:46:32
2024/20025404.pdf,20025404,20025404.pdf,2024,geometry_v8,3,2,1,1,,,,2026-08-25T19:46:32
2024/20025411.pdf,20025411,20025411.pdf,2024,geometry_v8,3,2,1,1,,,,2026-08-25T19:46:32
2024/20025419.pdf,20025419,20025419.pdf,2024,geometry_v8,120,15,14,14,6,,,2026-08-25T19:46:38
2024/20025424.pdf,20025424,20025424.pdf,2024,geometry_v8,7,2,1,1,,,,2026-08-25T19:46:39
2024/20025429.pdf,20025429,20025429.pdf,2024,geometry_v8,1,1,1,1,,,,2026-08-25T19:46:39
2024/20025437.pdf,20025437,20025437.pdf,2024,geometry_v8,1,1,1,1,,,,2026-08-25T19:46:39
2024/20025438.pdf,20025438,20025438.pdf,2024,geometry_v8,2,1,1,1,,,,2026-08-25T19:46:41
2024/20025439.pdf,20025439,20025439.pdf,2024,geometry_v8,1,1,1,1,,,,2026-08-25T19:46:41
2024/20025446.pdf,20025446,20025446.pdf,2024,geometry_v8,6,2,1,1,,,,2026-08-25T19:46:41
2024/20025448.pdf,20025448,20025448.pdf,2024,geometry_v8,1,1,1,1,,,,2026-08-25T19:46:41
2024/20025466.pdf,20025466,20025466.pdf,2024,geometry_v8,2,2,1,1,,,,2026-08-25T19:46:42
2024/20025473.pdf,20025473,20025473.pdf,2024,geometry_v8,16,3,3,3,,,,2026-08-25T19:46:43
2024/20025475.pdf,20025475,20025475.pdf,2024,geometry_v8,1,1,1,1,,,,2026-08-25T19:46:43
2024/20025478.pdf,20025478,20025478.pdf,2024,geometry_v8,1,1,1,1,,,,2026-08-25T19:46:43
2024/20025486.pdf,20025486,20025486.pdf,2024,geometry_v8,4,2,1,1,,,,2026-08-25T19:46:44
2024/20025499.pdf,20025499,20025499.pdf,2024,geometry_v8,4,2,1,1,,,,2026-08-25T19:46:44
2024/20025507.pdf,20025507,20025507.pdf,2024,geometry_v8,1,1,1,1,,,,2026-08-25T19:46:47
2024/20025518.pdf,20025518,20025518.pdf,2024,geometry_v8,7,2,1,1,,,,2026-08-25T19:46:47
2024/20025519.pdf,20025519,20025519.pdf,2024,geometry_v8,1,1,1,1,,,,2026-08-25T19:46:47
2024/20025535.pdf,20025535,20025535.pdf,2024,geometry_v8,2,1,1,1,,,,2026-08-25T19:46:47
2024/20025546.pdf,20025546,20025546.pdf,2024,geometry_v8,2,1,1,1,,,,2026-08-25T19:46:47
2024/20025548.pdf,20025548,20025548.pdf,2024,geometry_v8,3,1,1,1,,,,2026-08-25T19:46:47
2024/20025563.pdf,20025563,20025563.pdf,2024,geometry_v8,7,2,2,2,,,,2026-08-25T19:46:48
2024/20025568.pdf,20025568,20025568.pdf,2024,geometry_v8,2,1,1,1,,,,2026-08-25T19:46:48
2024/20025572.pdf,20025572,20025572.pdf,2024,geometry_v8,1,1,1,1,,,,2026-08-25T19:46:48
2024/20025576.pdf,20025576,20025576.pdf,2024,geometry_v8,8,2,2,2,,,,2026-08-25T19:46:48
2024/20025588.pdf,20025588,20025588.pdf,2024,geometry_v8,4,1,1,1,,,,2026-08-25T19:46:50
2024/20025592.pdf,20025592,20025592.pdf,2024,geometry_v8,1,1,1,1,,,,2026-08-25T19:46:50
2024/20025597.pdf,20025597,20025597.pdf,2024,geometry_v8,1,1,1,1,,,,2026-08-25T19:46:50
2024/20025601.pdf,20025601,20025601.pdf,2024,geometry_v8,2,1,1,1,,,,2026-08-25T19:46:50
2024/20025603.pdf,20025603,20025603.pdf,2024,geometry_v8,5,2,1,1,,,,2026-08-25T19:46:50
2024/20025605.pdf,20025605,20025605.pdf,2024,geometry_v8,1,1,1,1,,,,2026-08-25T19:46:50
2024/20025614.pdf,20025614,20025614.pdf,2024,geometry_v8,2,1,1,1,,,,2026-08-25T19:46:51
2024/20025620.pdf,20025620,20025620.pdf,2024,geometry_v8,2,1,1,1,,,,2026-08-25T19:46:51
2024/20025622.pdf,20025622,20025622.pdf,2024,geometry_v8,91,11,11,11,6,,,2026-08-25T19:46:56
2024/20025626.pdf,20025626,20025626.pdf,2024,geometry_v8,1,1,1,1,,,,2026-08-25T19:46:56
2024/20025632.pdf,20025632,20025632.pdf,2024,geometry_v8,1,1,1,1,,,,2026-08-25T19:46:59
2024/20025634.pdf,20025634,20025634.pdf,2024,geometry_v8,4,2,1,1,,,,2026-08-25T19:46:59
2024/20025635.pdf,20025635,20025635.pdf,2024,geometry_v8,7,2,2,2,,,,2026-08-25T19:47:00
2024/20025660.pdf,20025660,20025660.pdf,2024,geometry_v8,3,1,1,1,,,,2026-08-25T19:47:00
2024/20025661.pdf,20025661,20025661.pdf,2024,geometry_v8,2,1,1,1,,,,2026-08-25T19:47:00
2024/20025670.pdf,20025670,20025670.pdf,2024,geometry_v8,2,1,1,1,,,,2026-08-25T19:47:00
2024/20025671.pdf,20025671,20025671.pdf,2024,geometry_v8,1,1,1,1,,,,2026-08-25T19:47:00
2024/20025675.pdf,20025675,20025675.pdf,2024,geometry_v8,1,1,1,1,,,,2026-08-25T19:47:00
2024/20025678.pdf,20025678,20025678.pdf,2024,geometry_v8,57,8,7,7,,,,2026-08-25T19:47:03
2024/20025679.pdf,20025679,20025679.pdf,2024,geometry_v8,71,9,9,9,,,,2026-08-25T19:47:07
2024/20025680.pdf,20025680,20025680.pdf,2024,geometry_v8,23,4,3,3,,,,2026-08-25T19:47:09
2024/20025681.pdf,20025681,20025681.pdf,2024,geometry_v8,1,1,1,1,,,,2026-08-25T19:47:09
2024/20025700.pdf,20025700,20025700.pdf,2024,geometry_v8,1,1,1,1,,,,2026-08-25T19:47:09
2024/20025705.pdf,20025705,20025705.pdf,2024,geometry_v8,3,1,1,1,,,,2026-08-25T19:47:10
2024/20025708.pdf,20025708,20025708.pdf,2024,geometry_v8,1,1,1,1,,,,2026-08-25T19:47:10
2024/20025711.pdf,20025711,20025711.pdf,2024,geometry_v8,73,10,10,10,,,,2026-08-25T19:47:15
2024/20025712.pdf,20025712,20025712.pdf,2024,geometry_v8,83,10,10,10,,,,2026-08-25T19:47:18
2024/20025714.pdf,20025714,20025714.pdf,2024,geometry_v8,2,1,1,1,,,,2026-08-25T19:47:19
2024/20025719.pdf,20025719,20025719.pdf,2024,geometry_v8,149,18,17,17,,,,2026-08-25T19:47:28
2024/20025722.pdf,20025722,20025722.pdf,2024,geometry_v8,6,2,1,1,,,,2026-08-25T19:47:29
2024/20025729.pdf,20025729,20025729.pdf,2024,geometry_v8,2,1,1,1,,,,2026-08-25T19:47:30
2024/20025740.pdf,20025740,20025740.pdf,2024,geometry_v8,1,1,1,1,,,,2026-08-25T19:47:30
2024/20025765.pdf,20025765,20025765.pdf,2024,geometry_v8,1,1,1,1,,,,2026-08-25T19:47:30
2024/20025768.pdf,20025768,20025768.pdf,2024,geometry_v8,4,1,1,1,,,,2026-08-25T19:47:31
2024/20025770.pdf,20025770,20025770.pdf,2024,geometry_v8,5,2,1,2,,,,2026-08-25T19:47:31
2024/20025771.pdf,20025771,20025771.pdf,2024,geometry_v8,4,1,1,1,,,,2026-08-25T19:47:31
2024/20025773.pdf,20025773,20025773.pdf,2024,geometry_v8,2,1,1,1,,,,2026-08-25T19:47:31
2024/20025776.pdf,20025776,20025776.pdf,2024,geometry_v8,1,1,1,1,,,,2026-08-25T19:47:31
2024/20025777.pdf,20025777,20025777.pdf,2024,geometry_v8,14,2,2,2,,,,2026-08-25T19:47:32
2024/20025785.pdf,20025785,20025785.pdf,2024,geometry_v8,1,1,1,1,,,,2026-08-25T19:47:32
2024/20025787.pdf,20025787,20025787.pdf,2024,geometry_v8,2,1,1,1,,,,2026-08-25T19:47:35
2024/20025789.pdf,20025789,20025789.pdf,2024,geometry_v8,1,1,1,1,,,,2026-08-25T19:47:35
2024/20025791.pdf,20025791,20025791.pdf,2024,geometry_v8,1,1,1,1,,,,2026-08-25T19:47:35
2024/20025792.pdf,20025792,20025792.pdf,2024,geometry_v8,2,1,1,1,,,,2026-08-25T19:47:35
2024/20025793.pdf,20025793,20025793.pdf,2024,geometry_v8,1,1,1,1,,,,2026-08-25T19:47:35
2024/20025797.pdf,20025797,20025797.pdf,2024,geometry_v8,1,1,1,1,,,,2026-08-25T19:47:35
2024/20025799.pdf,20025799,20025799.pdf,2024,geometry_v8,124,15,15,15,,,,2026-08-25T19:47:43
2024/20025804.pdf,20025804,20025804.pdf,2024,geometry_v8,32,5,4,4,,,,2026-08-25T19:47:44
2024/20025806.pdf,20025806,20025806.pdf,2024,geometry_v8,2,1,1,1,,,,2026-08-25T19:47:44
2024/20025813.pdf,20025813,20025813.pdf,2024,geometry_v8,1,1,1,1,,,,2026-08-25T19:47:44
2024/20025819.pdf,20025819,20025819.pdf,2024,geometry_v8,1,1,1,1,,,,2026-08-25T19:47:46
2024/20025820.pdf,20025820,20025820.pdf,2024,geometry_v8,1,1,1,1,,,,2026-08-25T19:47:46
2024/20025821.pdf,20025821,20025821.pdf,2024,geometry_v8,1,1,1,1,,,,2026-08-25T19:47:46
2024/20025822.pdf,20025822,20025822.pdf,2024,geometry_v8,1,1,1,1,,,,2026-08-25T19:47:46
2024/20025827.pdf,20025827,20025827.pdf,2024,geometry_v8,8,2,2,2,,,,2026-08-25T19:47:47
2024/20025829.pdf,20025829,20025829.pdf,2024,geometry_v8,2,1,1,1,,,,2026-08-25T19:47:47
2024/20025831.pdf,20025831,20025831.pdf,2024,geometry_v8,1,1,1,1,,,,2026-08-25T19:47:47
2024/20025834.pdf,20025834,20025834.pdf,2024,geometry_v8,5,2,1,1,,,,2026-08-25T19:47:47
2024/20025848.pdf,20025848,20025848.pdf,2024,geometry_v8,3,2,1,1,,,,2026-08-25T19:47:47
2024/20025855.pdf,20025855,20025855.pdf,2024,geometry_v8,1,1,1,1,,,,2026-08-25T19:47:47
2024/20025867.pdf,20025867,20025867.pdf,2024,geometry_v8,1,1,1,1,,,,2026-08-25T19:47:49
2024/20025875.pdf,20025875,20025875.pdf,2024,geometry_v8,2,1,1,1,,,,2026-08-25T19:47:49
2024/20025886.pdf,20025886,20025886.pdf,2024,geometry_v8,1,1,1,1,,,,2026-08-25T19:47:49
2024/20025889.pdf,20025889,20025889.pdf,2024,geometry_v8,10,2,2,2,,,,2026-08-25T19:47:49
2024/20025891.pdf,20025891,20025891.pdf,2024,geometry_v8,16,3,3,3,,,,2026-08-25T19:47:50
2024/20025892.pdf,20025892,20025892.pdf,2024,geometry_v8,2,1,1,1,,,,2026-08-25T19:47:50
2024/20025909.pdf,20025909,20025909.pdf,2024,geometry_v8,7,2,2,2,,,,2026-08-25T19:47:51
2024/20025910.pdf,20025910,20025910.pdf,2024,geometry_v8,1,1,1,1,,,,2026-08-25T19:47:51
2024/20025913.pdf,20025913,20025913.pdf,2024,geometry_v8,12,3,2,2,,,,2026-08-25T19:47:51
2024/20025916.pdf,20025916,20025916.pdf,2024,geometry_v8,1,1,1,1,,,,2026-08-25T19:47:51
2024/20025938.pdf,20025938,20025938.pdf,2024,geometry_v8,4,2,1,1,,,,2026-08-25T19:47:55
2024/20025940.pdf,20025940,20025940.pdf,2024,geometry_v8,1,1,1,1,,,,2026-08-25T19:47:55
2024/20025942.pdf,20025942,20025942.pdf,2024,geometry_v8,1,1,1,1,,,,2026-08-25T19:47:55
2024/20025946.pdf,20025946,20025946.pdf,2024,geometry_v8,2,1,1,1,,,,2026-08-25T19:47:55
2024/20025948.pdf,20025948,20025948.pdf,2024,geometry_v8,2,1,1,1,,,,2026-08-25T19:47:55
2024/20025953.pdf,20025953,20025953.pdf,2024,geometry_v8,52,7,7,7,,,,2026-08-25T19:47:59
2024/20025959.pdf,20025959,20025959.pdf,2024,geometry_v8,1,1,1,1,,,,2026-08-25T19:47:59
2024/20025970.pdf,20025970,20025970.pdf,2024,geometry_v8,6,2,1,1,,,,2026-08-25T19:47:59
2024/20025986.pdf,20025986,20025986.pdf,2024,geometry_v8,10,2,2,2,,,,2026-08-25T19:47:59
2024/20025998.pdf,20025998,20025998.pdf,2024,geometry_v8,1,1,1,1,,,,2026-08-25T19:48:00
2024/20026002.pdf,20026002,20026002.pdf,2024,geometry_v8,4,2,1,1,,,,2026-08-25T19:48:01
2024/20026009.pdf,20026009,20026009.pdf,2024,geometry_v8,2,1,1,1,,,,2026-08-25T19:48:01
2024/20026016.pdf,20026016,20026016.pdf,2024,geometry_v8,7,2,2,2,,,,2026-08-25T19:48:02
2024/20026020.pdf,20026020,20026020.pdf,2024,geometry_v8,4,2,1,1,,,,2026-08-25T19:48:02
2024/20026021.pdf,20026021,20026021.pdf,2024,geometry_v8,16,3,3,3,,,,2026-08-25T19:48:03
2024/20026023.pdf,20026023,20026023.pdf,2024,geometry_v8,1,1,1,1,,,,2026-08-25T19:48:03
2024/20026031.pdf,20026031,20026031.pdf,2024,geometry_v8,2,1,1,1,,,,2026-08-25T19:48:03
2024/20026032.pdf,20026032,20026032.pdf,2024,geometry_v8,1,1,1,1,,,,2026-08-25T19:48:03
2024/20026033.pdf,20026033,20026033.pdf,2024,geometry_v8,1,1,1,1,,,,2026-08-25T19:48:03
2024/20026036.pdf,20026036,20026036.pdf,2024,geometry_v8,2,1,1,1,,,,2026-08-25T19:48:03
2024/20026059.pdf,20026059,20026059.pdf,2024,geometry_v8,10,2,2,2,,,,2026-08-25T19:48:06
2024/20026063.pdf,20026063,20026063.pdf,2024,geometry_v8,4,2,1,1,,,,2026-08-25T19:48:06
2024/20026077.pdf,20026077,20026077.pdf,2024,geometry_v8,1,1,1,1,,,,2026-08-25T19:48:06
2024/20026090.pdf,20026090,20026090.pdf,2024,geometry_v8,1,1,1,1,,,,2026-08-25T19:48:07
2024/20026091.pdf,20026091,20026091.pdf,2024,geometry_v8,6,2,2,2,,,,2026-08-25T19:48:07
2024/20026092.pdf,20026092,20026092.pdf,2024,geometry_v8,2,1,1,1,,,,2026-08-25T19:48:07
2024/20026097.pdf,20026097,20026097.pdf,2024,geometry_v8,1,1,1,1,,,,2026-08-25T19:48:07
2024/20026099.pdf,20026099,20026099.pdf,2024,geometry_v8,8,2,2,2,,,,2026-08-25T19:48:07
2024/20026101.pdf,20026101,20026101.pdf,2024,geometry_v8,12,3,2,2,,,,2026-08-25T19:48:08
2024/20026123.pdf,20026123,20026123.pdf,2024,geometry_v8,3,1,1,1,,,,2026-08-25T19:48:09
2024/20026124.pdf,20026124,20026124.pdf,2024,geometry_v8,1,1,1,1,,,,2026-08-25T19:48:11
2024/20026125.pdf,20026125,20026125.pdf,2024,geometry_v8,2,1,1,1,,,,2026-08-25T19:48:11
2024/20026126.pdf,20026126,20026126.pdf,2024,geometry_v8,1,1,1,1,,,,2026-08-25T19:48:11
2024/20026127.pdf,20026127,20026127.pdf,2024,geometry_v8,4,1,1,1,,,,2026-08-25T19:48:12
2024/20026134.pdf,20026134,20026134.pdf,2024,geometry_v8,10,3,2,2,,,,2026-08-25T19:48:12
2024/20026136.pdf,20026136,20026136.pdf,2024,geometry_v8,1,1,1,1,,,,2026-08-25T19:48:12
2024/20026140.pdf,20026140,20026140.pdf,2024,geometry_v8,8,2,2,2,,,,2026-08-25T19:48:13
2024/20026141.pdf,20026141,20026141.pdf,2024,geometry_v8,6,2,1,1,,,,2026-08-25T19:48:13
2024/20026143.pdf,20026143,20026143.pdf,2024,geometry_v8,3,2,1,1,,,,2026-08-25T19:48:13
2024/20026149.pdf,20026149,20026149.pdf,2024,geometry_v8,10,2,2,2,,,,2026-08-25T19:48:14
2024/20026150.pdf,20026150,20026150.pdf,2024,geometry_v8,1,1,1,1,,,,2026-08-25T19:48:16
2024/20026151.pdf,20026151,20026151.pdf,2024,geometry_v8,1,1,1,1,,,,2026-08-25T19:48:16
2024/20026154.pdf,20026154,20026154.pdf,2024,geometry_v8,49,7,6,6,,,,2026-08-25T19:48:19
2024/20026160.pdf,20026160,20026160.pdf,2024,geometry_v8,1,1,1,1,,,,2026-08-25T19:48:19
2024/20026165.pdf,20026165,20026165.pdf,2024,geometry_v8,1,1,1,1,,,,2026-08-25T19:48:19
2024/20026168.pdf,20026168,20026168.pdf,2024,geometry_v8,1,1,1,1,,,,2026-08-25T19:48:19
2024/20026174.pdf,20026174,20026174.pdf,2024,geometry_v8,12,2,2,2,,,,2026-08-25T19:48:19
2024/20026184.pdf,20026184,20026184.pdf,2024,geometry_v8,3,1,1,1,,,,2026-08-25T19:48:20
2024/20026188.pdf,20026188,20026188.pdf,2024,geometry_v8,2,1,1,1,,,,2026-08-25T19:48:20
2024/20026191.pdf,20026191,20026191.pdf,2024,geometry_v8,1,1,1,1,,,,2026-08-25T19:48:20
2024/20026202.pdf,20026202,20026202.pdf,2024,geometry_v8,5,2,1,1,,,,2026-08-25T19:48:22
2024/20026203.pdf,20026203,20026203.pdf,2024,geometry_v8,1,1,1,1,,,,2026-08-25T19:48:22
2024/20026207.pdf,20026207,20026207.pdf,2024,geometry_v8,1,1,1,1,,,,2026-08-25T19:48:22
2024/20026212.pdf,20026212,20026212.pdf,2024,geometry_v8,1,1,1,1,,,,2026-08-25T19:48:22
2024/20026222.pdf,20026222,20026222.pdf,2024,geometry_v8,3,2,1,1,,,,2026-08-25T19:48:22
2024/20026231.pdf,20026231,20026231.pdf,2024,geometry_v8,1,1,1,1,,,,2026-08-25T19:48:22
2024/20026238.pdf,20026238,20026238.pdf,2024,geometry_v8,3,1,1,1,,,,2026-08-25T19:48:22
2024/20026246.pdf,20026246,20026246.pdf,2024,geometry_v8,1,1,1,1,,,,2026-08-25T19:48:23
2024/20026247.pdf,20026247,20026247.pdf,2024,geometry_v8,4,1,1,1,,,,2026-08-25T19:48:23
2024/20026250.pdf,20026250,20026250.pdf,2024,geometry_v8,5,2,2,2,,,,2026-08-25T19:48:23
2024/20026257.pdf,20026257,20026257.pdf,2024,geometry_v8,9,2,2,2,,,,2026-08-25T19:48:26
2024/20026281.pdf,20026281,20026281.pdf,2024,geometry_v8,17,3,2,2,,,,2026-08-25T19:48:27
2024/20026303.pdf,20026303,20026303.pdf,2024,geometry_v8,3,1,1,1,,,,2026-08-25T19:48:27
2024/20026310.pdf,20026310,20026310.pdf,2024,geometry_v8,1,1,1,1,,,,2026-08-25T19:48:27
2024/20026311.pdf,20026311,20026311.pdf,2024,geometry_v8,1,1,1,1,,,,2026-08-25T19:48:27
2024/20026313.pdf,20026313,20026313.pdf,2024,geometry_v8,5,2,1,1,,,,2026-08-25T19:48:28
2024/20026314.pdf,20026314,20026314.pdf,2024,geometry_v8,37,6,5,5,,,,2026-08-25T19:48:29
2024/20026322.pdf,20026322,20026322.pdf,2024,geometry_v8,1,1,1,1,,,,2026-08-25T19:48:29
2024/20026340.pdf,20026340,20026340.pdf,2024,geometry_v8,1,1,1,1,,,,2026-08-25T19:48:30
2024/20026346.pdf,20026346,20026346.pdf,2024,geometry_v8,41,6,5,5,,,,2026-08-25T19:48:31
2024/20026347.pdf,20026347,20026347.pdf,2024,geometry_v8,8,2,2,2,,,,2026-08-25T19:48:34
2024/20026353.pdf,20026353,20026353.pdf,2024,geometry_v8,3,2,1,1,,,,2026-08-25T19:48:34
2024/20026360.pdf,20026360,20026360.pdf,2024,geometry_v8,13,3,2,2,,,,2026-08-25T19:48:35
2024/20026361.pdf,20026361,20026361.pdf,2024,geometry_v8,3,2,1,1,,,,2026-08-25T19:48:35
2024/20026376.pdf,20026376,20026376.pdf,2024,geometry_v8,4,1,1,1,,,,2026-08-25T19:48:35
2024/20026380.pdf,20026380,20026380.pdf,2024,geometry_v8,4,2,1,1,,,,2026-08-25T19:48:36
2024/20026382.pdf,20026382,20026382.pdf,2024,geometry_v8,1,1,1,1,,,,2026-08-25T19:48:36
2024/20026393.pdf,20026393,20026393.pdf,2024,geometry_v8,2,1,1,1,,,,2026-08-25T19:48:36
2024/20026408.pdf,20026408,20026408.pdf,2024,geometry_v8,5,2,1,1,,,,2026-08-25T19:48:36
2024/20026412.pdf,20026412,20026412.pdf,2024,geometry_v8,3,2,1,1,,,,2026-08-25T19:48:36
2024/20026415.pdf,20026415,20026415.pdf,2024,geometry_v8,1,1,1,1,,,,2026-08-25T19:48:39
2024/20026418.pdf,20026418,20026418.pdf,2024,geometry_v8,1,1,1,1,,,,2026-08-25T19:48:39
2024/20026423.pdf,20026423,20026423.pdf,2024,geometry_v8,1,1,1,1,,,,2026-08-25T19:48:39
2024/20026428.pdf,20026428,20026428.pdf,2024,geometry_v8,1,1,1,1,,,,2026-08-25T19:48:39
2024/20026440.pdf,20026440,20026440.pdf,2024,geometry_v8,1,1,1,1,,,,2026-08-25T19:48:39
2024/20026446.pdf,20026446,20026446.pdf,2024,geometry_v8,1,1,1,1,,,,2026-08-25T19:48:39
2024/20026473.pdf,20026473,20026473.pdf,2024,geometry_v8,15,2,2,2,,,,2026-08-25T19:48:41
2024/20026480.pdf,20026480,20026480.pdf,2024,geometry_v8,1,1,1,1,,,,2026-08-25T19:48:41
2024/8220118.pdf,8220118,8220118.pdf,2024,needs_fallback,0,0,0,0,,,,2026-08-25T19:48:41
2024/8220119.pdf,8220119,8220119.pdf,2024,needs_fallback,0,0,0,0,,,,2026-08-25T19:48:41
2024/8220127.pdf,8220127,8220127.pdf,2024,needs_fallback,0,0,0,0,,,,2026-08-25T19:48:43
2024/8220147.pdf,8220147,8220147.pdf,2024,needs_fallback,0,0,0,0,,,,2026-08-25T19:48:43
2024/8220155.pdf,8220155,8220155.pdf,2024,needs_fallback,0,0,0,0,,,,2026-08-25T19:48:43
2024/8220162.pdf,8220162,8220162.pdf,2024,needs_fallback,0,0,0,0,,,,2026-08-25T19:48:43
2024/8220173.pdf,8220173,8220173.pdf,2024,needs_fallback,0,0,0,0,,,,2026-08-25T19:48:43
2024/8220176.pdf,8220176,8220176.pdf,2024,needs_fallback,0,0,0,0,,,,2026-08-25T19:48:43
2024/8220177.pdf,8220177,8220177.pdf,2024,needs_fallback,0,0,0,0,,,,2026-08-25T19:48:43
2024/8220188.pdf,8220188,8220188.pdf,2024,needs_fallback,0,0,0,0,,,,2026-08-25T19:48:44
2024/8220192.pdf,8220192,8220192.pdf,2024,needs_fallback,0,0,0,0,,,,2026-08-25T19:48:44
2024/8220203.pdf,8220203,8220203.pdf,2024,needs_fallback,0,0,0,0,,,,2026-08-25T19:48:44
2024/8220205.pdf,8220205,8220205.pdf,2024,needs_fallback,0,0,0,0,,,,2026-08-25T19:48:45
2024/8220214.pdf,8220214,8220214.pdf,2024,needs_fallback,0,0,0,0,,,,2026-08-25T19:48:45
2024/8220252.pdf,8220252,8220252.pdf,2024,needs_fallback,0,0,0,0,,,,2026-08-25T19:48:45
2024/8220271.pdf,8220271,8220271.pdf,2024,needs_fallback,0,0,0,0,,,,2026-08-25T19:48:45
2024/8220312.pdf,8220312,8220312.pdf,2024,needs_fallback,0,0,0,0,,,,2026-08-25T19:48:45
2024/8220317.pdf,8220317,8220317.pdf,2024,needs_fallback,0,0,0,0,,,,2026-08-25T19:48:45
2024/8220320.pdf,8220320,8220320.pdf,2024,needs_fallback,0,0,0,0,,,,2026-08-25T19:48:45
2024/8220431.pdf,8220431,8220431.pdf,2024,needs_fallback,0,0,0,0,,,,2026-08-25T19:48:45
2024/8220451.pdf,8220451,8220451.pdf,2024,needs_fallback,0,0,0,0,,,,2026-08-25T19:48:45
2024/8220508.pdf,8220508,8220508.pdf,2024,needs_fallback,0,0,0,0,,,,2026-08-25T19:48:45
2024/8220516.pdf,8220516,8220516.pdf,2024,needs_fallback,0,0,0,0,,,,2026-08-25T19:48:47
2024/8220529.pdf,8220529,8220529.pdf,2024,needs_fallback,0,0,0,0,,,,2026-08-25T19:48:47
2024/8220534.pdf,8220534,8220534.pdf,2024,needs_fallback,0,0,0,0,,,,2026-08-25T19:48:47
2024/8220536.pdf,8220536,8220536.pdf,2024,needs_fallback,0,0,0,0,,,,2026-08-25T19:48:47
2024/8220551.pdf,8220551,8220551.pdf,2024,needs_fallback,0,0,0,0,,,,2026-08-25T19:48:47
2024/8220567.pdf,8220567,8220567.pdf,2024,needs_fallback,0,0,0,0,,,,2026-08-25T19:48:47
2024/8220570.pdf,8220570,8220570.pdf,2024,needs_fallback,0,0,0,0,,,,2026-08-25T19:48:47
2024/8220589.pdf,8220589,8220589.pdf,2024,needs_fallback,0,0,0,0,,,,2026-08-25T19:48:47
2024/8220615.pdf,8220615,8220615.pdf,2024,needs_fallback,0,0,0,0,,,,2026-08-25T19:48:47
2024/8220617.pdf,8220617,8220617.pdf,2024,needs_fallback,0,0,0,0,,,,2026-08-25T19:48:47
2024/8220626.pdf,8220626,8220626.pdf,2024,needs_fallback,0,0,0,0,,,,2026-08-25T19:48:49
2024/8220628.pdf,8220628,8220628.pdf,2024,needs_fallback,0,0,0,0,,,,2026-08-25T19:48:49
2024/8220643.pdf,8220643,8220643.pdf,2024,needs_fallback,0,0,0,0,,,,2026-08-25T19:48:49
2024/8220660.pdf,8220660,8220660.pdf,2024,needs_fallback,0,0,0,0,,,,2026-08-25T19:48:50
2024/8220661.pdf,8220661,8220661.pdf,2024,needs_fallback,0,0,0,0,,,,2026-08-25T19:48:50
2024/8220665.pdf,8220665,8220665.pdf,2024,needs_fallback,0,0,0,0,,,,2026-08-25T19:48:50
2024/8220672.pdf,8220672,8220672.pdf,2024,needs_fallback,0,0,0,0,,,,2026-08-25T19:48:50
2024/8220674.pdf,8220674,8220674.pdf,2024,needs_fallback,0,0,0,0,,,,2026-08-25T19:48:50
2024/8220682.pdf,8220682,8220682.pdf,2024,needs_fallback,0,0,0,0,,,,2026-08-25T19:48:50
2024/8220683.pdf,8220683,8220683.pdf,2024,needs_fallback,0,0,0,0,,,,2026-08-25T19:48:50
2024/8220685.pdf,8220685,8220685.pdf,2024,needs_fallback,0,0,0,0,,,,2026-08-25T19:48:51
2024/8220691.pdf,8220691,8220691.pdf,2024,needs_fallback,0,0,0,0,,,,2026-08-25T19:48:51
2024/8220692.pdf,8220692,8220692.pdf,2024,needs_fallback,0,0,0,0,,,,2026-08-25T19:48:51
2024/8220695.pdf,8220695,8220695.pdf,2024,needs_fallback,0,0,0,0,,,,2026-08-25T19:48:51
2024/8220698.pdf,8220698,8220698.pdf,2024,needs_fallback,0,0,0,0,,,,2026-08-25T19:48:51
2024/8220706.pdf,8220706,8220706.pdf,2024,needs_fallback,0,0,0,0,,,,2026-08-25T19:48:51
2024/8220710.pdf,8220710,8220710.pdf,2024,needs_fallback,0,0,0,0,,,,2026-08-25T19:48:51
2024/8220711.pdf,8220711,8220711.pdf,2024,needs_fallback,0,0,0,0,,,,2026-08-25T19:48:51
2024/8220714.pdf,8220714,8220714.pdf,2024,needs_fallback,0,0,0,0,,,,2026-08-25T19:48:51
2024/8220716.pdf,8220716,8220716.pdf,2024,needs_fallback,0,0,0,0,,,,2026-08-25T19:48:51
2024/8220717.pdf,8220717,8220717.pdf,2024,needs_fallback,0,0,0,0,,,,2026-08-25T19:48:54
2024/8220718.pdf,8220718,8220718.pdf,2024,needs_fallback,0,0,0,0,,,,2026-08-25T19:48:54
2024/8220723.pdf,8220723,8220723.pdf,2024,needs_fallback,0,0,0,0,,,,2026-08-25T19:48:54
2024/8220763.pdf,8220763,8220763.pdf,2024,needs_fallback,0,0,0,0,,,,2026-08-25T19:48:54
2024/8221334.pdf,8221334,8221334.pdf,2024,needs_fallback,0,0,0,0,,,,2026-08-25T19:48:54
2025/20016861.pdf,20016861,20016861.pdf,2025,geometry_v8,1,1,1,1,,,,2026-08-25T19:48:54
2025/20018054.pdf,20018054,20018054.pdf,2025,geometry_v8,28,4,3,3,,,,2026-08-25T19:48:57
2025/20021220.pdf,20021220,20021220.pdf,2025,geometry_v8,1,1,1,1,,,,2026-08-25T19:48:57
2025/20024346.pdf,20024346,20024346.pdf,2025,geometry_v8,130,16,15,15,,,,2026-08-25T19:49:03
2025/20024927.pdf,20024927,20024927.pdf,2025,geometry_v8,1,1,1,1,,,,2026-08-25T19:49:03
2025/20026489.pdf,20026489,20026489.pdf,2025,geometry_v8,1,1,1,1,,,,2026-08-25T19:49:04
2025/20026513.pdf,20026513,20026513.pdf,2025,geometry_v8,2,1,1,1,,,,2026-08-25T19:49:05
2025/20026516.pdf,20026516,20026516.pdf,2025,geometry_v8,15,3,2,2,,,,2026-08-25T19:49:05
2025/20026517.pdf,20026517,20026517.pdf,2025,geometry_v8,4,2,1,1,,,,2026-08-25T19:49:05
2025/20026533.pdf,20026533,20026533.pdf,2025,geometry_v8,55,8,7,7,,,,2026-08-25T19:49:10
2025/20026535.pdf,20026535,20026535.pdf,2025,geometry_v8,5,2,1,1,,,,2026-08-25T19:49:10
2025/20026537.pdf,20026537,20026537.pdf,2025,geometry_v8,4,2,1,1,,,,2026-08-25T19:49:10
2025/20026538.pdf,20026538,20026538.pdf,2025,geometry_v8,1,1,1,1,,,,2026-08-25T19:49:11
2025/20026545.pdf,20026545,20026545.pdf,2025,geometry_v8,4,2,1,1,,,,2026-08-25T19:49:11
2025/20026547.pdf,20026547,20026547.pdf,2025,geometry_v8,3,1,1,1,,,,2026-08-25T19:49:11
2025/20026548.pdf,20026548,20026548.pdf,2025,geometry_v8,2,1,1,1,,,,2026-08-25T19:49:14
2025/20026550.pdf,20026550,20026550.pdf,2025,geometry_v8,2,1,1,1,,,,2026-08-25T19:49:14
2025/20026551.pdf,20026551,20026551.pdf,2025,geometry_v8,2,1,1,1,,,,2026-08-25T19:49:14
2025/20026556.pdf,20026556,20026556.pdf,2025,geometry_v8,3,2,1,1,,,,2026-08-25T19:49:14
2025/20026577.pdf,20026577,20026577.pdf,2025,geometry_v8,8,2,2,2,,,,2026-08-25T19:49:14
2025/20026587.pdf,20026587,20026587.pdf,2025,geometry_v8,8,2,2,2,,,,2026-08-25T19:49:15
2025/20026590.pdf,20026590,20026590.pdf,2025,geometry_v8,9,2,2,2,,,,2026-08-25T19:49:15
2025/20026591.pdf,20026591,20026591.pdf,2025,geometry_v8,7,2,2,2,,,,2026-08-25T19:49:16
2025/20026597.pdf,20026597,20026597.pdf,2025,geometry_v8,9,2,2,2,,,,2026-08-25T19:49:16
2025/20026602.pdf,20026602,20026602.pdf,2025,geometry_v8,1,1,1,1,,,,2026-08-25T19:49:16
2025/20026638.pdf,20026638,20026638.pdf,2025,geometry_v8,8,2,2,2,,,,2026-08-25T19:49:18
2025/20026639.pdf,20026639,20026639.pdf,2025,geometry_v8,2,1,1,1,,,,2026-08-25T19:49:18
2025/20026647.pdf,20026647,20026647.pdf,2025,geometry_v8,2,1,1,1,,,,2026-08-25T19:49:18
2025/20026650.pdf,20026650,20026650.pdf,2025,geometry_v8,1,1,1,1,,,,2026-08-25T19:49:18
2025/20026658.pdf,20026658,20026658.pdf,2025,geometry_v8,56,7,6,6,,,,2026-08-25T19:49:21
2025/20026666.pdf,20026666,20026666.pdf,2025,geometry_v8,1,1,1,1,,,,2026-08-25T19:49:22
2025/20026684.pdf,20026684,20026684.pdf,2025,geometry_v8,3,2,1,1,,,,2026-08-25T19:49:22
2025/20026695.pdf,20026695,20026695.pdf,2025,geometry_v8,5,2,1,1,,,,2026-08-25T19:49:22
2025/20026696.pdf,20026696,20026696.pdf,2025,geometry_v8,3,1,1,1,,,,2026-08-25T19:49:23
2025/20026701.pdf,20026701,20026701.pdf,2025,geometry_v8,5,2,2,2,,,,2026-08-25T19:49:23
2025/20026706.pdf,20026706,20026706.pdf,2025,geometry_v8,1,1,1,1,,,,2026-08-25T19:49:25
2025/20026712.pdf,20026712,20026712.pdf,2025,geometry_v8,13,3,2,2,,,,2026-08-25T19:49:26
2025/20026724.pdf,20026724,20026724.pdf,2025,geometry_v8,3,2,1,1,,,,2026-08-25T19:49:26
2025/20026726.pdf,20026726,20026726.pdf,2025,geometry_v8,56,8,7,7,,,,2026-08-25T19:49:29
2025/20026727.pdf,20026727,20026727.pdf,2025,geometry_v8,5,2,1,1,,,,2026-08-25T19:49:29
2025/20026731.pdf,20026731,20026731.pdf,2025,geometry_v8,18,3,3,3,,,,2026-08-25T19:49:31
2025/20026732.pdf,20026732,20026732.pdf,2025,geometry_v8,81,10,10,10,2,,,2026-08-25T19:49:35
2025/20026736.pdf,20026736,20026736.pdf,2025,geometry_v8,1,1,1,1,,,,2026-08-25T19:49:35
2025/20026750.pdf,20026750,20026750.pdf,2025,geometry_v8,3,1,1,1,,,,2026-08-25T19:49:35
2025/20026754.pdf,20026754,20026754.pdf,2025,geometry_v8,1,1,1,1,,,,2026-08-25T19:49:35
2025/20026756.pdf,20026756,20026756.pdf,2025,geometry_v8,11,2,2,2,,,,2026-08-25T19:49:39
2025/20026762.pdf,20026762,20026762.pdf,2025,geometry_v8,51,7,6,6,,,,2026-08-25T19:49:41
2025/20026770.pdf,20026770,20026770.pdf,2025,geometry_v8,1,1,1,1,,,,2026-08-25T19:49:41
2025/20026774.pdf,20026774,20026774.pdf,2025,geometry_v8,2,1,1,1,,,,2026-08-25T19:49:42
2025/20026791.pdf,20026791,20026791.pdf,2025,geometry_v8,11,2,2,2,,,,2026-08-25T19:49:42
2025/20026792.pdf,20026792,20026792.pdf,2025,geometry_v8,3,2,1,1,,,,2026-08-25T19:49:42
2025/20026794.pdf,20026794,20026794.pdf,2025,geometry_v8,1,1,1,1,,,,2026-08-25T19:49:42
2025/20026796.pdf,20026796,20026796.pdf,2025,geometry_v8,24,4,3,3,,,,2026-08-25T19:49:43
2025/20026802.pdf,20026802,20026802.pdf,2025,geometry_v8,3,2,1,1,,,,2026-08-25T19:49:44
2025/20027805.pdf,20027805,20027805.pdf,2025,geometry_v8,4,2,1,1,,,,2026-08-25T19:49:44
2025/20027807.pdf,20027807,20027807.pdf,2025,geometry_v8,2,1,1,1,,,,2026-08-25T19:49:47
2025/20027810.pdf,20027810,20027810.pdf,2025,geometry_v8,1,1,1,1,,,,2026-08-25T19:49:47
2025/20027820.pdf,20027820,20027820.pdf,2025,geometry_v8,1,1,1,1,,,,2026-08-25T19:49:47
2025/20027834.pdf,20027834,20027834.pdf,2025,geometry_v8,2,1,1,1,,,,2026-08-25T19:49:47
2025/20027837.pdf,20027837,20027837.pdf,2025,geometry_v8,11,3,2,2,,,,2026-08-25T19:49:47
2025/20027838.pdf,20027838,20027838.pdf,2025,geometry_v8,2,1,1,1,,,,2026-08-25T19:49:48
2025/20027845.pdf,20027845,20027845.pdf,2025,geometry_v8,3,2,1,1,,,,2026-08-25T19:49:48
2025/20027846.pdf,20027846,20027846.pdf,2025,geometry_v8,3,2,1,1,,,,2026-08-25T19:49:48
2025/20027855.pdf,20027855,20027855.pdf,2025,geometry_v8,1,1,1,1,,,,2026-08-25T19:49:48
2025/20027867.pdf,20027867,20027867.pdf,2025,geometry_v8,1,1,1,1,,,,2026-08-25T19:49:48
2025/20027876.pdf,20027876,20027876.pdf,2025,geometry_v8,2,1,1,1,,,,2026-08-25T19:49:50
2025/20027879.pdf,20027879,20027879.pdf,2025,geometry_v8,66,10,10,10,,,,2026-08-25T19:49:55
2025/20027885.pdf,20027885,20027885.pdf,2025,geometry_v8,10,2,2,2,,,,2026-08-25T19:49:55
2025/20027891.pdf,20027891,20027891.pdf,2025,geometry_v8,28,4,4,4,,,,2026-08-25T19:49:56
2025/20027895.pdf,20027895,20027895.pdf,2025,geometry_v8,1,1,1,1,,,,2026-08-25T19:49:57
2025/20027896.pdf,20027896,20027896.pdf,2025,geometry_v8,1,1,1,1,,,,2026-08-25T19:49:57
2025/20027900.pdf,20027900,20027900.pdf,2025,geometry_v8,1,1,1,1,,,,2026-08-25T19:49:57
2025/20027901.pdf,20027901,20027901.pdf,2025,geometry_v8,60,8,8,8,5,,,2026-08-25T19:50:00
2025/20027903.pdf,20027903,20027903.pdf,2025,geometry_v8,8,2,2,2,,,,2026-08-25T19:50:00
2025/20027907.pdf,20027907,20027907.pdf,2025,geometry_v8,2,1,1,1,,,,2026-08-25T19:50:00
2025/20027911.pdf,20027911,20027911.pdf,2025,geometry_v8,1,1,1,1,,,,2026-08-25T19:50:02
2025/20027912.pdf,20027912,20027912.pdf,2025,geometry_v8,1,1,1,1,,,,2026-08-25T19:50:02
2025/20027913.pdf,20027913,20027913.pdf,2025,geometry_v8,1,1,1,1,,,,2026-08-25T19:50:02
2025/20027916.pdf,20027916,20027916.pdf,2025,geometry_v8,1,1,1,1,,,,2026-08-25T19:50:02
2025/20027923.pdf,20027923,20027923.pdf,2025,geometry_v8,12,3,2,2,,,,2026-08-25T19:50:03
2025/20027927.pdf,20027927,20027927.pdf,2025,geometry_v8,1,1,1,1,,,,2026-08-25T19:50:03
2025/20027931.pdf,20027931,20027931.pdf,2025,geometry_v8,5,2,1,1,,,,2026-08-25T19:50:03
2025/20027932.pdf,20027932,20027932.pdf,2025,geometry_v8,1,1,1,1,,,,2026-08-25T19:50:03
2025/20027933.pdf,20027933,20027933.pdf,2025,geometry_v8,7,2,1,1,,,,2026-08-25T19:50:04
2025/20027935.pdf,20027935,20027935.pdf,2025,geometry_v8,1,1,1,1,,,,2026-08-25T19:50:05
2025/20027936.pdf,20027936,20027936.pdf,2025,geometry_v8,49,7,6,6,,,,2026-08-25T19:50:10
2025/20027937.pdf,20027937,20027937.pdf,2025,geometry_v8,1,1,1,1,,,,2026-08-25T19:50:10
2025/20027940.pdf,20027940,20027940.pdf,2025,geometry_v8,8,2,2,2,,,,2026-08-25T19:50:11
2025/20027944.pdf,20027944,20027944.pdf,2025,geometry_v8,22,3,3,3,,,,2026-08-25T19:50:12
2025/20027950.pdf,20027950,20027950.pdf,2025,geometry_v8,1,1,1,1,,,,2026-08-25T19:50:12
2025/20027951.pdf,20027951,20027951.pdf,2025,geometry_v8,1,1,1,1,,,,2026-08-25T19:50:12
2025/20027961.pdf,20027961,20027961.pdf,2025,geometry_v8,1,1,1,1,,,,2026-08-25T19:50:12
2025/20027962.pdf,20027962,20027962.pdf,2025,geometry_v8,1,1,1,1,,,,2026-08-25T19:50:12
2025/20027975.pdf,20027975,20027975.pdf,2025,geometry_v8,38,4,4,4,,,,2026-08-25T19:50:14
2025/20027982.pdf,20027982,20027982.pdf,2025,geometry_v8,34,8,7,7,"4,5,6,7",,,2026-08-25T19:50:17
2025/20027995.pdf,20027995,20027995.pdf,2025,geometry_v8,12,3,2,2,,,,2026-08-25T19:50:21
2025/20027999.pdf,20027999,20027999.pdf,2025,geometry_v8,1,1,1,1,,,,2026-08-25T19:50:21
2025/20028002.pdf,20028002,20028002.pdf,2025,geometry_v8,13,2,2,2,,,,2026-08-25T19:50:22
2025/20028007.pdf,20028007,20028007.pdf,2025,geometry_v8,4,2,1,1,,,,2026-08-25T19:50:22
2025/20028016.pdf,20028016,20028016.pdf,2025,geometry_v8,1,1,1,1,,,,2026-08-25T19:50:22
2025/20028025.pdf,20028025,20028025.pdf,2025,geometry_v8,1,1,1,1,,,,2026-08-25T19:50:22
2025/20029026.pdf,20029026,20029026.pdf,2025,geometry_v8,40,6,5,5,,,,2026-08-25T19:50:25
2025/20029028.pdf,20029028,20029028.pdf,2025,geometry_v8,1,1,1,1,,,,2026-08-25T19:50:25
2025/20029034.pdf,20029034,20029034.pdf,2025,geometry_v8,114,14,14,14,,,,2026-08-25T19:50:30
2025/20029035.pdf,20029035,20029035.pdf,2025,geometry_v8,1,1,1,1,,,,2026-08-25T19:50:30
2025/20029038.pdf,20029038,20029038.pdf,2025,geometry_v8,114,16,16,16,,,,2026-08-25T19:50:39
2025/20029046.pdf,20029046,20029046.pdf,2025,geometry_v8,2,1,1,1,,,,2026-08-25T19:50:39
2025/20029053.pdf,20029053,20029053.pdf,2025,geometry_v8,2,1,1,1,,,,2026-08-25T19:50:39
2025/20029055.pdf,20029055,20029055.pdf,2025,geometry_v8,19,3,3,3,,,,2026-08-25T19:50:40
2025/20029059.pdf,20029059,20029059.pdf,2025,geometry_v8,17,3,2,2,,,,2026-08-25T19:50:41
2025/20029060.pdf,20029060,20029060.pdf,2025,geometry_v8,6,2,1,1,,,,2026-08-25T19:50:41
2025/20029061.pdf,20029061,20029061.pdf,2025,geometry_v8,6,2,1,1,,,,2026-08-25T19:50:41
2025/20029062.pdf,20029062,20029062.pdf,2025,geometry_v8,2,1,1,1,,,,2026-08-25T19:50:41
2025/20029064.pdf,20029064,20029064.pdf,2025,geometry_v8,19,3,3,3,,,,2026-08-25T19:50:42
2025/20029065.pdf,20029065,20029065.pdf,2025,geometry_v8,4,2,1,1,,,,2026-08-25T19:50:42
2025/20029067.pdf,20029067,20029067.pdf,2025,geometry_v8,4,2,1,1,,,,2026-08-25T19:50:45
2025/20029068.pdf,20029068,20029068.pdf,2025,geometry_v8,1,1,1,1,,,,2026-08-25T19:50:46
2025/20029069.pdf,20029069,20029069.pdf,2025,geometry_v8,7,2,2,2,,,,2026-08-25T19:50:46
2025/20029070.pdf,20029070,20029070.pdf,2025,geometry_v8,22,3,3,3,,,,2026-08-25T19:50:47
2025/20029079.pdf,20029079,20029079.pdf,2025,geometry_v8,16,3,3,3,,,,2026-08-25T19:50:48
2025/20029082.pdf,20029082,20029082.pdf,2025,geometry_v8,11,2,2,2,,,,2026-08-25T19:50:49
2025/20029083.pdf,20029083,20029083.pdf,2025,geometry_v8,48,6,6,6,,,,2026-08-25T19:50:52
2025/20029084.pdf,20029084,20029084.pdf,2025,geometry_v8,43,6,6,6,,,,2026-08-25T19:50:54
2025/20029088.pdf,20029088,20029088.pdf,2025,geometry_v8,4,2,1,1,,,,2026-08-25T19:50:55
2025/20029089.pdf,20029089,20029089.pdf,2025,geometry_v8,19,3,2,3,,,,2026-08-25T19:50:55
2025/20029092.pdf,20029092,20029092.pdf,2025,geometry_v8,50,7,6,6,,,,2026-08-25T19:50:59
2025/20029097.pdf,20029097,20029097.pdf,2025,geometry_v8,1,1,1,1,,,,2026-08-25T19:50:59
2025/20029100.pdf,20029100,20029100.pdf,2025,geometry_v8,2,1,1,1,,,,2026-08-25T19:50:59
2025/20029105.pdf,20029105,20029105.pdf,2025,geometry_v8,8,2,2,2,,,,2026-08-25T19:51:00
2025/20029120.pdf,20029120,20029120.pdf,2025,geometry_v8,2,1,1,1,,,,2026-08-25T19:51:00
2025/20029121.pdf,20029121,20029121.pdf,2025,geometry_v8,18,3,3,3,,,,2026-08-25T19:51:01
2025/20029130.pdf,20029130,20029130.pdf,2025,geometry_v8,1,1,1,1,,,,2026-08-25T19:51:01
2025/20029131.pdf,20029131,20029131.pdf,2025,geometry_v8,1,1,1,1,,,,2026-08-25T19:51:01
2025/20029132.pdf,20029132,20029132.pdf,2025,geometry_v8,2,1,1,1,,,,2026-08-25T19:51:01
2025/20029134.pdf,20029134,20029134.pdf,2025,geometry_v8,30,4,4,4,,,,2026-08-25T19:51:02
2025/20029135.pdf,20029135,20029135.pdf,2025,geometry_v8,14,3,2,2,,,,2026-08-25T19:51:07
2025/20029138.pdf,20029138,20029138.pdf,2025,geometry_v8,22,3,3,3,,,,2026-08-25T19:51:08
2025/20030146.pdf,20030146,20030146.pdf,2025,geometry_v8,110,13,13,13,,,,2026-08-25T19:51:13
2025/20030155.pdf,20030155,20030155.pdf,2025,geometry_v8,3,2,1,1,,,,2026-08-25T19:51:13
2025/20030158.pdf,20030158,20030158.pdf,2025,geometry_v8,2,1,1,1,,,,2026-08-25T19:51:13
2025/20030174.pdf,20030174,20030174.pdf,2025,geometry_v8,2,1,1,1,,,,2026-08-25T19:51:13
2025/20030179.pdf,20030179,20030179.pdf,2025,geometry_v8,13,3,2,2,,,,2026-08-25T19:51:14
2025/20030181.pdf,20030181,20030181.pdf,2025,geometry_v8,1,1,1,1,,,,2026-08-25T19:51:14
2025/20030185.pdf,20030185,20030185.pdf,2025,geometry_v8,1,1,1,1,,,,2026-08-25T19:51:14
2025/20030187.pdf,20030187,20030187.pdf,2025,geometry_v8,1,1,1,1,,,,2026-08-25T19:51:14
2025/20030188.pdf,20030188,20030188.pdf,2025,geometry_v8,1,1,1,1,,,,2026-08-25T19:51:16
2025/20030207.pdf,20030207,20030207.pdf,2025,geometry_v8,2,2,1,1,,,,2026-08-25T19:51:16
2025/20030212.pdf,20030212,20030212.pdf,2025,geometry_v8,22,4,3,3,,,,2026-08-25T19:51:17
2025/20030215.pdf,20030215,20030215.pdf,2025,geometry_v8,1,1,1,1,,,,2026-08-25T19:51:17
2025/20030231.pdf,20030231,20030231.pdf,2025,geometry_v8,142,20,20,20,,,,2026-08-25T19:51:25
2025/20030233.pdf,20030233,20030233.pdf,2025,geometry_v8,1,1,1,1,,,,2026-08-25T19:51:26
2025/20030234.pdf,20030234,20030234.pdf,2025,geometry_v8,1,1,1,1,,,,2026-08-25T19:51:26
2025/20030235.pdf,20030235,20030235.pdf,2025,geometry_v8,2,1,1,1,,,,2026-08-25T19:51:26
2025/20030236.pdf,20030236,20030236.pdf,2025,geometry_v8,1,1,1,1,,,,2026-08-25T19:51:26
2025/20030237.pdf,20030237,20030237.pdf,2025,geometry_v8,2,1,1,1,,,,2026-08-25T19:51:26
2025/20030238.pdf,20030238,20030238.pdf,2025,geometry_v8,52,7,7,7,7,,,2026-08-25T19:51:31
2025/20030262.pdf,20030262,20030262.pdf,2025,geometry_v8,1,1,1,1,,,,2026-08-25T19:51:31
2025/20030265.pdf,20030265,20030265.pdf,2025,geometry_v8,21,3,3,3,,,,2026-08-25T19:51:33
2025/20030267.pdf,20030267,20030267.pdf,2025,geometry_v8,1,1,1,1,,,,2026-08-25T19:51:33
2025/20030275.pdf,20030275,20030275.pdf,2025,geometry_v8,11,2,2,2,,,,2026-08-25T19:51:34
2025/20030282.pdf,20030282,20030282.pdf,2025,geometry_v8,35,5,5,5,,,,2026-08-25T19:51:37
2025/20030283.pdf,20030283,20030283.pdf,2025,geometry_v8,7,2,2,2,,,,2026-08-25T19:51:37
2025/20030285.pdf,20030285,20030285.pdf,2025,geometry_v8,1,1,1,1,,,,2026-08-25T19:51:37
2025/20030288.pdf,20030288,20030288.pdf,2025,geometry_v8,51,7,6,6,,,,2026-08-25T19:51:39
2025/20030289.pdf,20030289,20030289.pdf,2025,geometry_v8,2,1,1,1,,,,2026-08-25T19:51:39
2025/20030291.pdf,20030291,20030291.pdf,2025,geometry_v8,127,15,15,15,4,,,2026-08-25T19:51:50
2025/20030292.pdf,20030292,20030292.pdf,2025,geometry_v8,53,7,7,7,,,,2026-08-25T19:51:53
2025/20030295.pdf,20030295,20030295.pdf,2025,geometry_v8,61,8,7,7,,,,2026-08-25T19:51:56
2025/20030296.pdf,20030296,20030296.pdf,2025,geometry_v8,144,17,17,17,,,,2026-08-25T19:52:03
2025/20030307.pdf,20030307,20030307.pdf,2025,geometry_v8,4,2,1,1,,,,2026-08-25T19:52:04
2025/20030311.pdf,20030311,20030311.pdf,2025,geometry_v8,1,1,1,1,,,,2026-08-25T19:52:04
2025/20030312.pdf,20030312,20030312.pdf,2025,geometry_v8,6,2,1,1,,,,2026-08-25T19:52:04
2025/20030313.pdf,20030313,20030313.pdf,2025,geometry_v8,11,3,2,2,,,,2026-08-25T19:52:05
2025/20030316.pdf,20030316,20030316.pdf,2025,geometry_v8,4,2,1,1,,,,2026-08-25T19:52:05
2025/20030331.pdf,20030331,20030331.pdf,2025,geometry_v8,1,1,1,1,,,,2026-08-25T19:52:06
2025/20030332.pdf,20030332,20030332.pdf,2025,geometry_v8,103,12,12,12,,,,2026-08-25T19:52:12
2025/20030336.pdf,20030336,20030336.pdf,2025,geometry_v8,1,1,1,1,,,,2026-08-25T19:52:12
2025/20030338.pdf,20030338,20030338.pdf,2025,geometry_v8,118,14,14,14,,,,2026-08-25T19:52:20
2025/20030339.pdf,20030339,20030339.pdf,2025,geometry_v8,3,2,1,1,,,,2026-08-25T19:52:21
2025/20030340.pdf,20030340,20030340.pdf,2025,geometry_v8,2,1,1,1,,,,2026-08-25T19:52:21
2025/20030342.pdf,20030342,20030342.pdf,2025,geometry_v8,8,2,2,2,,,,2026-08-25T19:52:21
2025/20030371.pdf,20030371,20030371.pdf,2025,geometry_v8,1,1,1,1,,,,2026-08-25T19:52:21
2025/20030387.pdf,20030387,20030387.pdf,2025,geometry_v8,296,41,40,40,"12,28",,,2026-08-25T19:52:37
2025/20030388.pdf,20030388,20030388.pdf,2025,geometry_v8,2,1,1,1,,,,2026-08-25T19:52:37
2025/20030389.pdf,20030389,20030389.pdf,2025,geometry_v8,21,3,3,3,,,,2026-08-25T19:52:38
2025/20030397.pdf,20030397,20030397.pdf,2025,geometry_v8,1,1,1,1,,,,2026-08-25T19:52:40
2025/20030401.pdf,20030401,20030401.pdf,2025,geometry_v8,1,1,1,1,,,,2026-08-25T19:52:40
2025/20030402.pdf,20030402,20030402.pdf,2025,geometry_v8,8,2,2,2,,,,2026-08-25T19:52:40
2025/20030416.pdf,20030416,20030416.pdf,2025,geometry_v8,1,1,1,1,,,,2026-08-25T19:52:40
2025/20030417.pdf,20030417,20030417.pdf,2025,geometry_v8,7,2,1,1,,,,2026-08-25T19:52:41
2025/20030433.pdf,20030433,20030433.pdf,2025,geometry_v8,44,6,6,6,2,,,2026-08-25T19:52:43
2025/20030439.pdf,20030439,20030439.pdf,2025,geometry_v8,1,1,1,1,,,,2026-08-25T19:52:43
2025/20030441.pdf,20030441,20030441.pdf,2025,geometry_v8,1,1,1,1,,,,2026-08-25T19:52:43
2025/20030442.pdf,20030442,20030442.pdf,2025,geometry_v8,10,2,2,2,,,,2026-08-25T19:52:43
2025/20030444.pdf,20030444,20030444.pdf,2025,geometry_v8,3,1,1,1,,,,2026-08-25T19:52:44
2025/20030445.pdf,20030445,20030445.pdf,2025,geometry_v8,1,1,1,1,,,,2026-08-25T19:52:48
2025/20030448.pdf,20030448,20030448.pdf,2025,geometry_v8,1,1,1,1,,,,2026-08-25T19:52:48
2025/20030450.pdf,20030450,20030450.pdf,2025,geometry_v8,2,1,1,1,,,,2026-08-25T19:52:48
2025/20030452.pdf,20030452,20030452.pdf,2025,geometry_v8,3,2,1,1,,,,2026-08-25T19:52:48
2025/20030454.pdf,20030454,20030454.pdf,2025,geometry_v8,1,1,1,1,,,,2026-08-25T19:52:48
2025/20030455.pdf,20030455,20030455.pdf,2025,geometry_v8,7,2,2,2,,,,2026-08-25T19:52:49
2025/20030458.pdf,20030458,20030458.pdf,2025,geometry_v8,1,1,1,1,,,,2026-08-25T19:52:49
2025/20030461.pdf,20030461,20030461.pdf,2025,geometry_v8,47,6,6,6,,,,2026-08-25T19:52:51
2025/20030462.pdf,20030462,20030462.pdf,2025,geometry_v8,24,4,3,3,,,,2026-08-25T19:52:52
2025/20030466.pdf,20030466,20030466.pdf,2025,geometry_v8,5,1,1,1,,,,2026-08-25T19:52:53
2025/20030472.pdf,20030472,20030472.pdf,2025,geometry_v8,44,6,6,6,,,,2026-08-25T19:52:56
2025/20030474.pdf,20030474,20030474.pdf,2025,geometry_v8,5,2,1,1,,,,2026-08-25T19:52:57
2025/20030475.pdf,20030475,20030475.pdf,2025,geometry_v8,19,4,3,3,,,,2026-08-25T19:52:58
2025/20030480.pdf,20030480,20030480.pdf,2025,geometry_v8,1,1,1,1,,,,2026-08-25T19:52:58
2025/20030482.pdf,20030482,20030482.pdf,2025,geometry_v8,54,7,7,7,,,,2026-08-25T19:53:01
2025/20030491.pdf,20030491,20030491.pdf,2025,geometry_v8,5,2,1,1,,,,2026-08-25T19:53:02
2025/20030492.pdf,20030492,20030492.pdf,2025,geometry_v8,7,2,1,1,,,,2026-08-25T19:53:02
2025/20030494.pdf,20030494,20030494.pdf,2025,geometry_v8,35,7,7,7,"2,6",,,2026-08-25T19:53:06
2025/20030502.pdf,20030502,20030502.pdf,2025,geometry_v8,3,2,1,1,,,,2026-08-25T19:53:06
2025/20030509.pdf,20030509,20030509.pdf,2025,geometry_v8,1,1,1,1,,,,2026-08-25T19:53:06
2025/20030516.pdf,20030516,20030516.pdf,2025,geometry_v8,9,2,2,2,,,,2026-08-25T19:53:09
2025/20030517.pdf,20030517,20030517.pdf,2025,geometry_v8,3,1,1,1,,,,2026-08-25T19:53:09
2025/20030522.pdf,20030522,20030522.pdf,2025,geometry_v8,24,4,3,3,,,,2026-08-25T19:53:10
2025/20030539.pdf,20030539,20030539.pdf,2025,geometry_v8,8,2,2,2,,,,2026-08-25T19:53:11
2025/20030541.pdf,20030541,20030541.pdf,2025,geometry_v8,19,3,3,3,,,,2026-08-25T19:53:12
2025/20030542.pdf,20030542,20030542.pdf,2025,geometry_v8,1,1,1,1,,,,2026-08-25T19:53:12
2025/20030544.pdf,20030544,20030544.pdf,2025,geometry_v8,2,1,1,1,,,,2026-08-25T19:53:12
2025/20030546.pdf,20030546,20030546.pdf,2025,geometry_v8,13,3,2,2,,,,2026-08-25T19:53:12
2025/20030548.pdf,20030548,20030548.pdf,2025,geometry_v8,3,1,1,1,,,,2026-08-25T19:53:13
2025/20030551.pdf,20030551,20030551.pdf,2025,geometry_v8,14,3,3,3,,,,2026-08-25T19:53:13
2025/20030558.pdf,20030558,20030558.pdf,2025,geometry_v8,2,1,1,1,,,,2026-08-25T19:53:16
2025/20030567.pdf,20030567,20030567.pdf,2025,geometry_v8,2,1,1,1,,,,2026-08-25T19:53:16
2025/20030577.pdf,20030577,20030577.pdf,2025,geometry_v8,1,1,1,1,,,,2026-08-25T19:53:17
2025/20030579.pdf,20030579,20030579.pdf,2025,geometry_v8,1,1,1,1,,,,2026-08-25T19:53:17
2025/20030585.pdf,20030585,20030585.pdf,2025,geometry_v8,4,2,1,1,,,,2026-08-25T19:53:17
2025/20030587.pdf,20030587,20030587.pdf,2025,geometry_v8,3,1,1,1,,,,2026-08-25T19:53:17
2025/20030591.pdf,20030591,20030591.pdf,2025,geometry_v8,1,1,1,1,,,,2026-08-25T19:53:17
2025/20030592.pdf,20030592,20030592.pdf,2025,geometry_v8,6,2,1,1,,,,2026-08-25T19:53:18
2025/20030594.pdf,20030594,20030594.pdf,2025,geometry_v8,1,1,1,1,,,,2026-08-25T19:53:18
2025/20030599.pdf,20030599,20030599.pdf,2025,geometry_v8,2,1,1,1,,,,2026-08-25T19:53:18
2025/20030600.pdf,20030600,20030600.pdf,2025,geometry_v8,3,1,1,1,,,,2026-08-25T19:53:23
2025/20030608.pdf,20030608,20030608.pdf,2025,geometry_v8,1,1,1,1,,,,2026-08-25T19:53:23
2025/20030610.pdf,20030610,20030610.pdf,2025,geometry_v8,10,3,2,2,,,,2026-08-25T19:53:24
2025/20030611.pdf,20030611,20030611.pdf,2025,geometry_v8,2,2,1,1,,,,2026-08-25T19:53:24
2025/20030618.pdf,20030618,20030618.pdf,2025,geometry_v8,4,2,1,1,,,,2026-08-25T19:53:24
2025/20030619.pdf,20030619,20030619.pdf,2025,geometry_v8,2,1,1,1,,,,2026-08-25T19:53:24
2025/20030620.pdf,20030620,20030620.pdf,2025,geometry_v8,3,2,1,1,,,,2026-08-25T19:53:24
2025/20030621.pdf,20030621,20030621.pdf,2025,geometry_v8,18,3,3,3,,,,2026-08-25T19:53:26
2025/20030622.pdf,20030622,20030622.pdf,2025,geometry_v8,1,1,1,1,,,,2026-08-25T19:53:26
2025/20030630.pdf,20030630,20030630.pdf,2025,geometry_v8,2,1,1,1,,,,2026-08-25T19:53:26
2025/20030632.pdf,20030632,20030632.pdf,2025,geometry_v8,2,1,1,1,,,,2026-08-25T19:53:30
2025/20030634.pdf,20030634,20030634.pdf,2025,geometry_v8,27,4,4,4,,,,2026-08-25T19:53:32
2025/20030635.pdf,20030635,20030635.pdf,2025,geometry_v8,25,5,4,4,,,,2026-08-25T19:53:34
2025/20030637.pdf,20030637,20030637.pdf,2025,geometry_v8,10,2,2,2,,,,2026-08-25T19:53:34
2025/20030639.pdf,20030639,20030639.pdf,2025,geometry_v8,4,2,1,1,,,,2026-08-25T19:53:34
2025/20030641.pdf,20030641,20030641.pdf,2025,geometry_v8,13,3,2,2,,,,2026-08-25T19:53:35
2025/20030646.pdf,20030646,20030646.pdf,2025,geometry_v8,2,1,1,1,,,,2026-08-25T19:53:35
2025/20030647.pdf,20030647,20030647.pdf,2025,geometry_v8,3,2,1,1,,,,2026-08-25T19:53:35
2025/20030663.pdf,20030663,20030663.pdf,2025,geometry_v8,7,2,1,2,,,,2026-08-25T19:53:36
2025/20030670.pdf,20030670,20030670.pdf,2025,geometry_v8,16,3,3,3,,,,2026-08-25T19:53:36
2025/20030671.pdf,20030671,20030671.pdf,2025,geometry_v8,4,2,1,1,,,,2026-08-25T19:53:40
2025/20030673.pdf,20030673,20030673.pdf,2025,geometry_v8,1,1,1,1,,,,2026-08-25T19:53:40
2025/20030692.pdf,20030692,20030692.pdf,2025,geometry_v8,1,1,1,1,,,,2026-08-25T19:53:40
2025/20030699.pdf,20030699,20030699.pdf,2025,geometry_v8,33,5,5,5,3,,,2026-08-25T19:53:42
2025/20030711.pdf,20030711,20030711.pdf,2025,geometry_v8,5,2,1,1,,,,2026-08-25T19:53:42
2025/20030714.pdf,20030714,20030714.pdf,2025,geometry_v8,3,2,1,1,,,,2026-08-25T19:53:42
2025/20030716.pdf,20030716,20030716.pdf,2025,geometry_v8,10,2,2,2,,,,2026-08-25T19:53:43
2025/20030730.pdf,20030730,20030730.pdf,2025,geometry_v8,1,1,1,1,,,,2026-08-25T19:53:43
2025/20030735.pdf,20030735,20030735.pdf,2025,geometry_v8,1,1,1,1,,,,2026-08-25T19:53:43
2025/20030737.pdf,20030737,20030737.pdf,2025,geometry_v8,2,2,1,1,,,,2026-08-25T19:53:43
2025/20030742.pdf,20030742,20030742.pdf,2025,geometry_v8,2,1,1,1,,,,2026-08-25T19:53:46
2025/20030746.pdf,20030746,20030746.pdf,2025,geometry_v8,1,1,1,1,,,,2026-08-25T19:53:46
2025/20030756.pdf,20030756,20030756.pdf,2025,geometry_v8,1,1,1,1,,,,2026-08-25T19:53:46
2025/20030778.pdf,20030778,20030778.pdf,2025,geometry_v8,3,2,1,1,,,,2026-08-25T19:53:47
2025/20030782.pdf,20030782,20030782.pdf,2025,geometry_v8,21,4,3,3,,,,2026-08-25T19:53:48
2025/20030800.pdf,20030800,20030800.pdf,2025,geometry_v8,1,1,1,1,,,,2026-08-25T19:53:48
2025/20030802.pdf,20030802,20030802.pdf,2025,geometry_v8,2,1,1,1,,,,2026-08-25T19:53:48
2025/20030803.pdf,20030803,20030803.pdf,2025,geometry_v8,58,8,7,7,,,,2026-08-25T19:53:51
2025/20030810.pdf,20030810,20030810.pdf,2025,geometry_v8,1,1,1,1,,,,2026-08-25T19:53:51
2025/20030820.pdf,20030820,20030820.pdf,2025,geometry_v8,1,1,1,1,,,,2026-08-25T19:53:51
2025/20030822.pdf,20030822,20030822.pdf,2025,geometry_v8,1,1,1,1,,,,2026-08-25T19:53:55
2025/20030824.pdf,20030824,20030824.pdf,2025,geometry_v8,21,3,3,3,,,,2026-08-25T19:53:55
2025/20030826.pdf,20030826,20030826.pdf,2025,geometry_v8,20,3,3,3,,,,2026-08-25T19:53:56
2025/20030832.pdf,20030832,20030832.pdf,2025,geometry_v8,9,2,2,2,,,,2026-08-25T19:53:57
2025/20030839.pdf,20030839,20030839.pdf,2025,geometry_v8,1,1,1,1,,,,2026-08-25T19:53:57
2025/20030848.pdf,20030848,20030848.pdf,2025,geometry_v8,7,2,2,2,,,,2026-08-25T19:53:57
2025/20030850.pdf,20030850,20030850.pdf,2025,geometry_v8,3,2,1,1,,,,2026-08-25T19:53:57
2025/20030857.pdf,20030857,20030857.pdf,2025,geometry_v8,2,2,1,1,,,,2026-08-25T19:53:58
2025/20030860.pdf,20030860,20030860.pdf,2025,geometry_v8,33,5,4,4,,,,2026-08-25T19:54:00
2025/20030868.pdf,20030868,20030868.pdf,2025,geometry_v8,18,5,4,4,4,,,2026-08-25T19:54:03
2025/20030869.pdf,20030869,20030869.pdf,2025,geometry_v8,1,1,1,1,,,,2026-08-25T19:54:05
2025/20030875.pdf,20030875,20030875.pdf,2025,geometry_v8,2,1,1,1,,,,2026-08-25T19:54:05
2025/20030876.pdf,20030876,20030876.pdf,2025,geometry_v8,4,2,1,1,,,,2026-08-25T19:54:05
2025/20030884.pdf,20030884,20030884.pdf,2025,geometry_v8,2,1,1,1,,,,2026-08-25T19:54:05
2025/20030886.pdf,20030886,20030886.pdf,2025,geometry_v8,1,1,1,1,,,,2026-08-25T19:54:05
2025/20030889.pdf,20030889,20030889.pdf,2025,geometry_v8,1,1,1,1,,,,2026-08-25T19:54:05
2025/20030891.pdf,20030891,20030891.pdf,2025,geometry_v8,722,81,81,81,,,,2026-08-25T19:54:47
2025/20030892.pdf,20030892,20030892.pdf,2025,geometry_v8,3,2,1,1,,,,2026-08-25T19:54:47
2025/20030893.pdf,20030893,20030893.pdf,2025,geometry_v8,1,1,1,1,,,,2026-08-25T19:54:47
2025/20030894.pdf,20030894,20030894.pdf,2025,geometry_v8,1,1,1,1,,,,2026-08-25T19:54:48
2025/20030901.pdf,20030901,20030901.pdf,2025,geometry_v8,25,4,4,4,,,,2026-08-25T19:54:52
2025/20030902.pdf,20030902,20030902.pdf,2025,geometry_v8,17,3,3,3,,,,2026-08-25T19:54:53
2025/20030909.pdf,20030909,20030909.pdf,2025,geometry_v8,14,3,2,2,,,,2026-08-25T19:54:54
2025/20030918.pdf,20030918,20030918.pdf,2025,geometry_v8,7,2,2,2,,,,2026-08-25T19:54:54
2025/20030922.pdf,20030922,20030922.pdf,2025,geometry_v8,9,2,2,2,,,,2026-08-25T19:54:54
2025/20030924.pdf,20030924,20030924.pdf,2025,geometry_v8,4,1,1,1,,,,2026-08-25T19:54:55
2025/20030925.pdf,20030925,20030925.pdf,2025,geometry_v8,1,1,1,1,,,,2026-08-25T19:54:55
2025/20030929.pdf,20030929,20030929.pdf,2025,geometry_v8,1,1,1,1,,,,2026-08-25T19:54:55
2025/20030930.pdf,20030930,20030930.pdf,2025,geometry_v8,156,28,27,27,"2,7,12,14,18,22",,,2026-08-25T19:55:09
2025/20030932.pdf,20030932,20030932.pdf,2025,geometry_v8,141,17,16,16,15,,,2026-08-25T19:55:18
2025/20030933.pdf,20030933,20030933.pdf,2025,geometry_v8,1,1,1,1,,,,2026-08-25T19:55:20
2025/20030944.pdf,20030944,20030944.pdf,2025,geometry_v8,1,1,1,1,,,,2026-08-25T19:55:20
2025/20030946.pdf,20030946,20030946.pdf,2025,geometry_v8,6,2,2,2,,,,2026-08-25T19:55:20
2025/20030952.pdf,20030952,20030952.pdf,2025,geometry_v8,1,1,1,1,,,,2026-08-25T19:55:20
2025/20030955.pdf,20030955,20030955.pdf,2025,geometry_v8,2,1,1,1,,,,2026-08-25T19:55:20
2025/20030976.pdf,20030976,20030976.pdf,2025,geometry_v8,1,1,1,1,,,,2026-08-25T19:55:20
2025/20030989.pdf,20030989,20030989.pdf,2025,geometry_v8,1,1,1,1,,,,2026-08-25T19:55:20
2025/20030996.pdf,20030996,20030996.pdf,2025,geometry_v8,13,2,2,2,,,,2026-08-25T19:55:21
2025/20030998.pdf,20030998,20030998.pdf,2025,geometry_v8,1,2,1,1,,,,2026-08-25T19:55:21
2025/20031001.pdf,20031001,20031001.pdf,2025,geometry_v8,2,1,1,1,,,,2026-08-25T19:55:21
2025/20031007.pdf,20031007,20031007.pdf,2025,geometry_v8,2,1,1,1,,,,2026-08-25T19:55:25
2025/20031011.pdf,20031011,20031011.pdf,2025,geometry_v8,1,1,1,1,,,,2026-08-25T19:55:25
2025/20031013.pdf,20031013,20031013.pdf,2025,geometry_v8,16,3,2,2,,,,2026-08-25T19:55:26
2025/20031014.pdf,20031014,20031014.pdf,2025,geometry_v8,1,1,1,1,,,,2026-08-25T19:55:26
2025/20031017.pdf,20031017,20031017.pdf,2025,geometry_v8,38,6,5,5,,,,2026-08-25T19:55:28
2025/20031020.pdf,20031020,20031020.pdf,2025,geometry_v8,27,4,4,4,,,,2026-08-25T19:55:30
2025/20031022.pdf,20031022,20031022.pdf,2025,geometry_v8,64,8,8,8,4,,,2026-08-25T19:55:34
2025/20031023.pdf,20031023,20031023.pdf,2025,geometry_v8,3,2,1,1,,,,2026-08-25T19:55:34
2025/20031032.pdf,20031032,20031032.pdf,2025,geometry_v8,5,2,1,1,,,,2026-08-25T19:55:34
2025/20032038.pdf,20032038,20032038.pdf,2025,geometry_v8,5,2,1,1,,,,2026-08-25T19:55:35
2025/20032040.pdf,20032040,20032040.pdf,2025,geometry_v8,2,1,1,1,,,,2026-08-25T19:55:37
2025/20032051.pdf,20032051,20032051.pdf,2025,geometry_v8,2,1,1,1,,,,2026-08-25T19:55:37
2025/20032052.pdf,20032052,20032052.pdf,2025,geometry_v8,3,2,1,1,,,,2026-08-25T19:55:37
2025/20032054.pdf,20032054,20032054.pdf,2025,geometry_v8,6,2,1,1,,,,2026-08-25T19:55:37
2025/20032061.pdf,20032061,20032061.pdf,2025,geometry_v8,11,3,2,2,,,,2026-08-25T19:55:38
2025/20032062.pdf,20032062,20032062.pdf,2025,geometry_v8,1,1,1,1,,,,2026-08-25T19:55:38
2025/20032066.pdf,20032066,20032066.pdf,2025,geometry_v8,61,8,8,8,,,,2026-08-25T19:55:41
2025/20032070.pdf,20032070,20032070.pdf,2025,geometry_v8,230,27,26,26,,,,2026-08-25T19:55:55
2025/20032080.pdf,20032080,20032080.pdf,2025,geometry_v8,1,1,1,1,,,,2026-08-25T19:55:55
2025/20032087.pdf,20032087,20032087.pdf,2025,geometry_v8,2,1,1,1,,,,2026-08-25T19:55:55
2025/20032089.pdf,20032089,20032089.pdf,2025,geometry_v8,5,2,1,1,,,,2026-08-25T19:55:58
2025/20032091.pdf,20032091,20032091.pdf,2025,geometry_v8,16,3,3,3,,,,2026-08-25T19:56:00
2025/20032094.pdf,20032094,20032094.pdf,2025,geometry_v8,3,2,1,1,,,,2026-08-25T19:56:00
2025/20032102.pdf,20032102,20032102.pdf,2025,geometry_v8,3,1,1,1,,,,2026-08-25T19:56:00
2025/20032106.pdf,20032106,20032106.pdf,2025,geometry_v8,21,4,3,3,,,,2026-08-25T19:56:01
2025/20032129.pdf,20032129,20032129.pdf,2025,geometry_v8,93,12,11,11,,,,2026-08-25T19:56:06
2025/20032149.pdf,20032149,20032149.pdf,2025,geometry_v8,189,26,25,25,21,,,2026-08-25T19:56:18
2025/20032174.pdf,20032174,20032174.pdf,2025,geometry_v8,11,2,2,2,,,,2026-08-25T19:56:18
2025/20032187.pdf,20032187,20032187.pdf,2025,geometry_v8,5,2,1,1,,,,2026-08-25T19:56:18
2025/20032191.pdf,20032191,20032191.pdf,2025,geometry_v8,1,1,1,1,,,,2026-08-25T19:56:18
2025/20032200.pdf,20032200,20032200.pdf,2025,geometry_v8,1,1,1,1,,,,2026-08-25T19:56:22
2025/20032204.pdf,20032204,20032204.pdf,2025,geometry_v8,1,1,1,1,,,,2026-08-25T19:56:22
2025/20032205.pdf,20032205,20032205.pdf,2025,geometry_v8,2,1,1,1,,,,2026-08-25T19:56:22
2025/20032211.pdf,20032211,20032211.pdf,2025,geometry_v8,162,19,19,19,15,,,2026-08-25T19:56:32
2025/20032215.pdf,20032215,20032215.pdf,2025,geometry_v8,3,1,1,1,,,,2026-08-25T19:56:32
2025/20032230.pdf,20032230,20032230.pdf,2025,geometry_v8,1,1,1,1,,,,2026-08-25T19:56:32
2025/20032232.pdf,20032232,20032232.pdf,2025,geometry_v8,4,2,1,1,,,,2026-08-25T19:56:32
2025/20032233.pdf,20032233,20032233.pdf,2025,geometry_v8,8,2,2,2,,,,2026-08-25T19:56:33
2025/20032234.pdf,20032234,20032234.pdf,2025,geometry_v8,18,3,3,3,,,,2026-08-25T19:56:34
2025/20032236.pdf,20032236,20032236.pdf,2025,geometry_v8,7,2,2,2,,,,2026-08-25T19:56:34
2025/20032242.pdf,20032242,20032242.pdf,2025,geometry_v8,20,3,3,3,,,,2026-08-25T19:56:37
2025/20032245.pdf,20032245,20032245.pdf,2025,geometry_v8,1,1,1,1,,,,2026-08-25T19:56:37
2025/20032246.pdf,20032246,20032246.pdf,2025,geometry_v8,10,2,2,2,,,,2026-08-25T19:56:38
2025/20032248.pdf,20032248,20032248.pdf,2025,geometry_v8,69,9,9,9,,,,2026-08-25T19:56:42
2025/20032250.pdf,20032250,20032250.pdf,2025,geometry_v8,1,1,1,1,,,,2026-08-25T19:56:42
2025/20032254.pdf,20032254,20032254.pdf,2025,geometry_v8,1,1,1,1,,,,2026-08-25T19:56:42
2025/20032255.pdf,20032255,20032255.pdf,2025,geometry_v8,4,2,1,1,,,,2026-08-25T19:56:43
2025/20032256.pdf,20032256,20032256.pdf,2025,geometry_v8,5,2,1,1,,,,2026-08-25T19:56:43
2025/20032269.pdf,20032269,20032269.pdf,2025,geometry_v8,8,2,2,2,,,,2026-08-25T19:56:44
2025/20032276.pdf,20032276,20032276.pdf,2025,geometry_v8,7,3,2,2,,,,2026-08-25T19:56:44
2025/20032283.pdf,20032283,20032283.pdf,2025,geometry_v8,11,2,2,2,,,,2026-08-25T19:56:49
2025/20032284.pdf,20032284,20032284.pdf,2025,geometry_v8,4,2,1,1,,,,2026-08-25T19:56:49
2025/20032298.pdf,20032298,20032298.pdf,2025,geometry_v8,6,2,2,2,,,,2026-08-25T19:56:49
2025/20033314.pdf,20033314,20033314.pdf,2025,geometry_v8,10,2,2,2,,,,2026-08-25T19:56:50
2025/20033318.pdf,20033318,20033318.pdf,2025,geometry_v8,1,1,1,1,,,,2026-08-25T19:56:50
2025/20033320.pdf,20033320,20033320.pdf,2025,geometry_v8,1,1,1,1,,,,2026-08-25T19:56:50
2025/20033321.pdf,20033321,20033321.pdf,2025,geometry_v8,6,2,2,2,,,,2026-08-25T19:56:50
2025/20033325.pdf,20033325,20033325.pdf,2025,geometry_v8,4,2,1,1,,,,2026-08-25T19:56:50
2025/20033326.pdf,20033326,20033326.pdf,2025,geometry_v8,8,2,2,2,,,,2026-08-25T19:56:51
2025/20033327.pdf,20033327,20033327.pdf,2025,geometry_v8,6,2,2,2,,,,2026-08-25T19:56:51
2025/20033330.pdf,20033330,20033330.pdf,2025,geometry_v8,1,1,1,1,,,,2026-08-25T19:56:53
2025/20033335.pdf,20033335,20033335.pdf,2025,geometry_v8,1,1,1,1,,,,2026-08-25T19:56:53
2025/20033337.pdf,20033337,20033337.pdf,2025,geometry_v8,1,1,1,1,,,,2026-08-25T19:56:54
2025/20033346.pdf,20033346,20033346.pdf,2025,geometry_v8,1,1,1,1,,,,2026-08-25T19:56:54
2025/20033360.pdf,20033360,20033360.pdf,2025,geometry_v8,14,2,2,2,,,,2026-08-25T19:56:54
2025/20033370.pdf,20033370,20033370.pdf,2025,geometry_v8,2,1,1,1,,,,2026-08-25T19:56:54
2025/20033379.pdf,20033379,20033379.pdf,2025,geometry_v8,2,2,1,1,,,,2026-08-25T19:56:55
2025/20033393.pdf,20033393,20033393.pdf,2025,geometry_v8,4,2,1,1,,,,2026-08-25T19:56:55
2025/20033394.pdf,20033394,20033394.pdf,2025,geometry_v8,3,2,1,1,,,,2026-08-25T19:56:55
2025/20033395.pdf,20033395,20033395.pdf,2025,geometry_v8,4,2,1,1,,,,2026-08-25T19:56:56
2025/20033398.pdf,20033398,20033398.pdf,2025,geometry_v8,4,2,1,1,,,,2026-08-25T19:57:00
2025/20033402.pdf,20033402,20033402.pdf,2025,geometry_v8,1,1,1,1,,,,2026-08-25T19:57:01
2025/20033403.pdf,20033403,20033403.pdf,2025,geometry_v8,1,1,1,1,,,,2026-08-25T19:57:01
2025/20033408.pdf,20033408,20033408.pdf,2025,geometry_v8,17,3,2,2,,,,2026-08-25T19:57:02
2025/20033409.pdf,20033409,20033409.pdf,2025,geometry_v8,4,2,1,1,,,,2026-08-25T19:57:02
2025/20033413.pdf,20033413,20033413.pdf,2025,geometry_v8,10,2,2,2,,,,2026-08-25T19:57:02
2025/20033415.pdf,20033415,20033415.pdf,2025,geometry_v8,2,1,1,1,,,,2026-08-25T19:57:02
2025/20033416.pdf,20033416,20033416.pdf,2025,geometry_v8,1,1,1,1,,,,2026-08-25T19:57:02
2025/20033420.pdf,20033420,20033420.pdf,2025,geometry_v8,17,3,3,3,,,,2026-08-25T19:57:03
2025/20033421.pdf,20033421,20033421.pdf,2025,geometry_v8,30,5,4,4,,,,2026-08-25T19:57:05
2025/20033424.pdf,20033424,20033424.pdf,2025,geometry_v8,11,2,2,2,,,,2026-08-25T19:57:07
2025/20033425.pdf,20033425,20033425.pdf,2025,geometry_v8,1,1,1,1,,,,2026-08-25T19:57:07
2025/20033427.pdf,20033427,20033427.pdf,2025,geometry_v8,1,1,1,1,,,,2026-08-25T19:57:07
2025/20033428.pdf,20033428,20033428.pdf,2025,geometry_v8,1,1,1,1,,,,2026-08-25T19:57:07
2025/20033431.pdf,20033431,20033431.pdf,2025,geometry_v8,2,1,1,1,,,,2026-08-25T19:57:08
2025/20033446.pdf,20033446,20033446.pdf,2025,geometry_v8,473,53,53,53,"5,21",,,2026-08-25T19:57:35
2025/20033447.pdf,20033447,20033447.pdf,2025,geometry_v8,3,2,1,1,,,,2026-08-25T19:57:35
2025/20033455.pdf,20033455,20033455.pdf,2025,geometry_v8,121,15,15,15,,,,2026-08-25T19:57:43
2025/20033458.pdf,20033458,20033458.pdf,2025,geometry_v8,15,3,3,3,,,,2026-08-25T19:57:44
2025/20033462.pdf,20033462,20033462.pdf,2025,geometry_v8,2,1,1,1,,,,2026-08-25T19:57:44
2025/20033472.pdf,20033472,20033472.pdf,2025,geometry_v8,3,1,1,1,,,,2026-08-25T19:57:46
2025/20033474.pdf,20033474,20033474.pdf,2025,geometry_v8,2,1,1,1,,,,2026-08-25T19:57:46
2025/20033476.pdf,20033476,20033476.pdf,2025,geometry_v8,2,1,1,1,,,,2026-08-25T19:57:47
2025/20033488.pdf,20033488,20033488.pdf,2025,geometry_v8,1,1,1,1,,,,2026-08-25T19:57:47
2025/20033490.pdf,20033490,20033490.pdf,2025,geometry_v8,2,1,1,1,,,,2026-08-25T19:57:47
2025/20033491.pdf,20033491,20033491.pdf,2025,geometry_v8,19,3,3,3,,,,2026-08-25T19:57:48
2025/20033492.pdf,20033492,20033492.pdf,2025,geometry_v8,1,1,1,1,,,,2026-08-25T19:57:48
2025/20033493.pdf,20033493,20033493.pdf,2025,geometry_v8,4,2,1,1,,,,2026-08-25T19:57:48
2025/20033495.pdf,20033495,20033495.pdf,2025,geometry_v8,11,2,2,2,,,,2026-08-25T19:57:50
2025/20033505.pdf,20033505,20033505.pdf,2025,geometry_v8,1,1,1,1,,,,2026-08-25T19:57:50
2025/20033553.pdf,20033553,20033553.pdf,2025,geometry_v8,3,1,1,1,,,,2026-08-25T19:57:52
2025/20033559.pdf,20033559,20033559.pdf,2025,geometry_v8,2,1,1,1,,,,2026-08-25T19:57:52
2025/20033564.pdf,20033564,20033564.pdf,2025,geometry_v8,14,2,2,2,,,,2026-08-25T19:57:53
2025/20033565.pdf,20033565,20033565.pdf,2025,geometry_v8,1,1,1,1,,,,2026-08-25T19:57:53
2025/20033566.pdf,20033566,20033566.pdf,2025,geometry_v8,5,2,1,1,,,,2026-08-25T19:57:54
2025/20033570.pdf,20033570,20033570.pdf,2025,geometry_v8,1,1,1,1,,,,2026-08-25T19:57:54
2025/20033572.pdf,20033572,20033572.pdf,2025,geometry_v8,1,1,1,1,,,,2026-08-25T19:57:54
2025/20033574.pdf,20033574,20033574.pdf,2025,geometry_v8,12,4,3,3,2,,,2026-08-25T19:57:56
2025/20033575.pdf,20033575,20033575.pdf,2025,geometry_v8,2,1,1,1,,,,2026-08-25T19:57:56
2025/20033576.pdf,20033576,20033576.pdf,2025,geometry_v8,8,2,2,2,,,,2026-08-25T19:57:57
2025/20033579.pdf,20033579,20033579.pdf,2025,geometry_v8,2,2,1,1,,,,2026-08-25T19:57:59
2025/20033581.pdf,20033581,20033581.pdf,2025,geometry_v8,1,1,1,1,,,,2026-08-25T19:57:59
2025/20033587.pdf,20033587,20033587.pdf,2025,geometry_v8,4,1,1,1,,,,2026-08-25T19:58:00
2025/20033588.pdf,20033588,20033588.pdf,2025,geometry_v8,6,2,1,1,,,,2026-08-25T19:58:00
2025/20033589.pdf,20033589,20033589.pdf,2025,geometry_v8,1,1,1,1,,,,2026-08-25T19:58:00
2025/20033590.pdf,20033590,20033590.pdf,2025,geometry_v8,3,2,1,1,,,,2026-08-25T19:58:00
2025/20033604.pdf,20033604,20033604.pdf,2025,geometry_v8,5,2,1,1,,,,2026-08-25T19:58:01
2025/20033610.pdf,20033610,20033610.pdf,2025,geometry_v8,26,3,3,3,,,,2026-08-25T19:58:02
2025/20033611.pdf,20033611,20033611.pdf,2025,geometry_v8,63,8,8,8,,,,2026-08-25T19:58:06
2025/20033615.pdf,20033615,20033615.pdf,2025,geometry_v8,2,1,1,1,,,,2026-08-25T19:58:06
2025/20033616.pdf,20033616,20033616.pdf,2025,geometry_v8,15,3,2,2,,,,2026-08-25T19:58:10
2025/20033619.pdf,20033619,20033619.pdf,2025,geometry_v8,178,22,21,21,,,,2026-08-25T19:58:19
2025/20033628.pdf,20033628,20033628.pdf,2025,geometry_v8,1,1,1,1,,,,2026-08-25T19:58:19
2025/20033649.pdf,20033649,20033649.pdf,2025,geometry_v8,1,1,1,1,,,,2026-08-25T19:58:19
2025/20033651.pdf,20033651,20033651.pdf,2025,geometry_v8,1,1,1,1,,,,2026-08-25T19:58:20
2025/20033659.pdf,20033659,20033659.pdf,2025,geometry_v8,3,2,1,1,,,,2026-08-25T19:58:20
2025/20033666.pdf,20033666,20033666.pdf,2025,geometry_v8,3,2,1,1,,,,2026-08-25T19:58:20
2025/20033667.pdf,20033667,20033667.pdf,2025,geometry_v8,6,2,1,1,,,,2026-08-25T19:58:20
2025/20033670.pdf,20033670,20033670.pdf,2025,geometry_v8,6,2,1,1,,,,2026-08-25T19:58:21
2025/20033684.pdf,20033684,20033684.pdf,2025,geometry_v8,1,1,1,1,,,,2026-08-25T19:58:21
2025/20033691.pdf,20033691,20033691.pdf,2025,geometry_v8,1,1,1,1,,,,2026-08-25T19:58:26
2025/20033694.pdf,20033694,20033694.pdf,2025,geometry_v8,5,2,1,1,,,,2026-08-25T19:58:26
2025/20033699.pdf,20033699,20033699.pdf,2025,geometry_v8,2,2,1,1,,,,2026-08-25T19:58:26
2025/20033700.pdf,20033700,20033700.pdf,2025,geometry_v8,2,1,1,1,,,,2026-08-25T19:58:27
2025/8220731.pdf,8220731,8220731.pdf,2025,needs_fallback,0,0,0,0,,,,2026-08-25T19:58:27
2025/8220747.pdf,8220747,8220747.pdf,2025,needs_fallback,0,0,0,0,,,,2026-08-25T19:58:27
2025/8220750.pdf,8220750,8220750.pdf,2025,needs_fallback,0,0,0,0,,,,2026-08-25T19:58:27
2025/8220753.pdf,8220753,8220753.pdf,2025,needs_fallback,0,0,0,0,,,,2026-08-25T19:58:27
2025/8220754.pdf,8220754,8220754.pdf,2025,needs_fallback,0,0,0,0,,,,2026-08-25T19:58:27
2025/8220755.pdf,8220755,8220755.pdf,2025,needs_fallback,0,0,0,0,,,,2026-08-25T19:58:27
2025/8220757.pdf,8220757,8220757.pdf,2025,needs_fallback,0,0,0,0,,,,2026-08-25T19:58:29
2025/8220764.pdf,8220764,8220764.pdf,2025,needs_fallback,0,0,0,0,,,,2026-08-25T19:58:29
2025/8220765.pdf,8220765,8220765.pdf,2025,needs_fallback,0,0,0,0,,,,2026-08-25T19:58:29
2025/8220768.pdf,8220768,8220768.pdf,2025,needs_fallback,0,0,0,0,,,,2026-08-25T19:58:29
2025/8220770.pdf,8220770,8220770.pdf,2025,needs_fallback,0,0,0,0,,,,2026-08-25T19:58:29
2025/8220780.pdf,8220780,8220780.pdf,2025,needs_fallback,0,0,0,0,,,,2026-08-25T19:58:29
2025/8220782.pdf,8220782,8220782.pdf,2025,needs_fallback,0,0,0,0,,,,2026-08-25T19:58:29
2025/8220783.pdf,8220783,8220783.pdf,2025,needs_fallback,0,0,0,0,,,,2026-08-25T19:58:29
2025/8220796.pdf,8220796,8220796.pdf,2025,needs_fallback,0,0,0,0,,,,2026-08-25T19:58:29
2025/8220799.pdf,8220799,8220799.pdf,2025,needs_fallback,0,0,0,0,,,,2026-08-25T19:58:29
2025/8220809.pdf,8220809,8220809.pdf,2025,needs_fallback,0,0,0,0,,,,2026-08-25T19:58:31
2025/8220824.pdf,8220824,8220824.pdf,2025,needs_fallback,0,0,0,0,,,,2026-08-25T19:58:31
2025/8220827.pdf,8220827,8220827.pdf,2025,needs_fallback,0,0,0,0,,,,2026-08-25T19:58:31
2025/8220828.pdf,8220828,8220828.pdf,2025,needs_fallback,0,0,0,0,,,,2026-08-25T19:58:31
2025/8220834.pdf,8220834,8220834.pdf,2025,needs_fallback,0,0,0,0,,,,2026-08-25T19:58:31
2025/8220836.pdf,8220836,8220836.pdf,2025,needs_fallback,0,0,0,0,,,,2026-08-25T19:58:31
2025/8220844.pdf,8220844,8220844.pdf,2025,needs_fallback,0,0,0,0,,,,2026-08-25T19:58:31
2025/8220845.pdf,8220845,8220845.pdf,2025,needs_fallback,0,0,0,0,,,,2026-08-25T19:58:31
2025/8220902.pdf,8220902,8220902.pdf,2025,needs_fallback,0,0,0,0,,,,2026-08-25T19:58:31
2025/8220903.pdf,8220903,8220903.pdf,2025,needs_fallback,0,0,0,0,,,,2026-08-25T19:58:31
2025/8220904.pdf,8220904,8220904.pdf,2025,needs_fallback,0,0,0,0,,,,2026-08-25T19:58:35
2025/8220906.pdf,8220906,8220906.pdf,2025,needs_fallback,0,0,0,0,,,,2026-08-25T19:58:35
2025/8220958.pdf,8220958,8220958.pdf,2025,needs_fallback,0,0,0,0,,,,2026-08-25T19:58:35
2025/8221120.pdf,8221120,8221120.pdf,2025,needs_fallback,0,0,0,0,,,,2026-08-25T19:58:35
2025/8221123.pdf,8221123,8221123.pdf,2025,needs_fallback,0,0,0,0,,,,2026-08-25T19:58:35
2025/8221124.pdf,8221124,8221124.pdf,2025,needs_fallback,0,0,0,0,,,,2026-08-25T19:58:35
2025/8221173.pdf,8221173,8221173.pdf,2025,needs_fallback,0,0,0,0,,,,2026-08-25T19:58:35
2025/8221176.pdf,8221176,8221176.pdf,2025,needs_fallback,0,0,0,0,,,,2026-08-25T19:58:35
2025/8221177.pdf,8221177,8221177.pdf,2025,needs_fallback,0,0,0,0,,,,2026-08-25T19:58:35
2025/8221212.pdf,8221212,8221212.pdf,2025,needs_fallback,0,0,0,0,,,,2026-08-25T19:58:35
2025/8221223.pdf,8221223,8221223.pdf,2025,needs_fallback,0,0,0,0,,,,2026-08-25T19:58:38
2025/8221228.pdf,8221228,8221228.pdf,2025,needs_fallback,0,0,0,0,,,,2026-08-25T19:58:38
2025/8221231.pdf,8221231,8221231.pdf,2025,needs_fallback,0,0,0,0,,,,2026-08-25T19:58:38
2025/8221233.pdf,8221233,8221233.pdf,2025,needs_fallback,0,0,0,0,,,,2026-08-25T19:58:38
2025/8221237.pdf,8221237,8221237.pdf,2025,needs_fallback,0,0,0,0,,,,2026-08-25T19:58:38
2025/8221238.pdf,8221238,8221238.pdf,2025,needs_fallback,0,0,0,0,,,,2026-08-25T19:58:38
2025/8221263.pdf,8221263,8221263.pdf,2025,needs_fallback,0,0,0,0,,,,2026-08-25T19:58:38
2025/8221264.pdf,8221264,8221264.pdf,2025,needs_fallback,0,0,0,0,,,,2026-08-25T19:58:38
2025/8221270.pdf,8221270,8221270.pdf,2025,needs_fallback,0,0,0,0,,,,2026-08-25T19:58:38
2025/8221276.pdf,8221276,8221276.pdf,2025,needs_fallback,0,0,0,0,,,,2026-08-25T19:58:38
2025/8221285.pdf,8221285,8221285.pdf,2025,needs_fallback,0,0,0,0,,,,2026-08-25T19:58:42
2025/8221287.pdf,8221287,8221287.pdf,2025,needs_fallback,0,0,0,0,,,,2026-08-25T19:58:42
2025/8221297.pdf,8221297,8221297.pdf,2025,needs_fallback,0,0,0,0,,,,2026-08-25T19:58:42
2025/8221302.pdf,8221302,8221302.pdf,2025,needs_fallback,0,0,0,0,,,,2026-08-25T19:58:43
2025/8221310.pdf,8221310,8221310.pdf,2025,needs_fallback,0,0,0,0,,,,2026-08-25T19:58:43
2025/9115546.pdf,9115546,9115546.pdf,2025,needs_fallback,0,0,0,0,,,,2026-08-25T19:58:43
2025/9115549.pdf,9115549,9115549.pdf,2025,needs_fallback,0,0,0,0,,,,2026-08-25T19:58:43
2025/9115623.pdf,9115623,9115623.pdf,2025,needs_fallback,0,0,0,0,,,,2026-08-25T19:58:43
2025/9115635.pdf,9115635,9115635.pdf,2025,needs_fallback,0,0,0,0,,,,2026-08-25T19:58:43
2025/9115662.pdf,9115662,9115662.pdf,2025,needs_fallback,0,0,0,0,,,,2026-08-25T19:58:43
2025/9115664.pdf,9115664,9115664.pdf,2025,needs_fallback,0,0,0,0,,,,2026-08-25T19:58:45
2025/9115665.pdf,9115665,9115665.pdf,2025,needs_fallback,0,0,0,0,,,,2026-08-25T19:58:45
2025/9115670.pdf,9115670,9115670.pdf,2025,needs_fallback,0,0,0,0,,,,2026-08-25T19:58:45
2025/9115671.pdf,9115671,9115671.pdf,2025,needs_fallback,0,0,0,0,,,,2026-08-25T19:58:45
2025/9115676.pdf,9115676,9115676.pdf,2025,needs_fallback,0,0,0,0,,,,2026-08-25T19:58:45
2025/9115677.pdf,9115677,9115677.pdf,2025,needs_fallback,0,0,0,0,,,,2026-08-25T19:58:45
2025/9115679.pdf,9115679,9115679.pdf,2025,needs_fallback,0,0,0,0,,,,2026-08-25T19:58:45
2025/9115684.pdf,9115684,9115684.pdf,2025,needs_fallback,0,0,0,0,,,,2026-08-25T19:58:45
2025/9115686.pdf,9115686,9115686.pdf,2025,needs_fallback,0,0,0,0,,,,2026-08-25T19:58:45
2025/9115689.pdf,9115689,9115689.pdf,2025,needs_fallback,0,0,0,0,,,,2026-08-25T19:58:45
2026/20019182.pdf,20019182,20019182.pdf,2026,geometry_v8,8,2,2,2,,,,2026-08-25T19:58:49
2026/20020055.pdf,20020055,20020055.pdf,2026,geometry_v8,1,1,1,1,,,,2026-08-25T19:58:49
2026/20022577.pdf,20022577,20022577.pdf,2026,geometry_v8,1,1,1,1,,,,2026-08-25T19:58:49
2026/20030977.pdf,20030977,20030977.pdf,2026,geometry_v8,224,26,25,25,"13,15",,,2026-08-25T19:59:02
2026/20032279.pdf,20032279,20032279.pdf,2026,geometry_v8,2,2,1,1,,,,2026-08-25T19:59:02
2026/20033500.pdf,20033500,20033500.pdf,2026,geometry_v8,1,1,1,1,,,,2026-08-25T19:59:02
2026/20033648.pdf,20033648,20033648.pdf,2026,geometry_v8,20,3,3,3,,,,2026-08-25T19:59:03
2026/20033654.pdf,20033654,20033654.pdf,2026,geometry_v8,19,3,3,3,,,,2026-08-25T19:59:04
2026/20033661.pdf,20033661,20033661.pdf,2026,geometry_v8,4,2,1,1,,,,2026-08-25T19:59:04
2026/20033695.pdf,20033695,20033695.pdf,2026,geometry_v8,4,1,1,1,,,,2026-08-25T19:59:04
2026/20033705.pdf,20033705,20033705.pdf,2026,geometry_v8,2,2,1,1,,,,2026-08-25T19:59:07
2026/20033709.pdf,20033709,20033709.pdf,2026,geometry_v8,2,1,1,1,,,,2026-08-25T19:59:08
2026/20033713.pdf,20033713,20033713.pdf,2026,geometry_v8,5,2,1,1,,,,2026-08-25T19:59:08
2026/20033714.pdf,20033714,20033714.pdf,2026,geometry_v8,3,2,1,1,,,,2026-08-25T19:59:08
2026/20033718.pdf,20033718,20033718.pdf,2026,geometry_v8,4,2,1,1,,,,2026-08-25T19:59:09
2026/20033725.pdf,20033725,20033725.pdf,2026,geometry_v8,18,3,3,3,,,,2026-08-25T19:59:10
2026/20033732.pdf,20033732,20033732.pdf,2026,geometry_v8,5,2,1,1,,,,2026-08-25T19:59:11
2026/20033734.pdf,20033734,20033734.pdf,2026,geometry_v8,1,1,1,1,,,,2026-08-25T19:59:11
2026/20033736.pdf,20033736,20033736.pdf,2026,geometry_v8,1,1,1,1,,,,2026-08-25T19:59:11
2026/20033737.pdf,20033737,20033737.pdf,2026,geometry_v8,16,2,2,2,,,,2026-08-25T19:59:12
2026/20033738.pdf,20033738,20033738.pdf,2026,geometry_v8,2,1,1,1,,,,2026-08-25T19:59:16
2026/20033739.pdf,20033739,20033739.pdf,2026,geometry_v8,6,2,1,1,,,,2026-08-25T19:59:16
2026/20033744.pdf,20033744,20033744.pdf,2026,geometry_v8,1,1,1,1,,,,2026-08-25T19:59:16
2026/20033746.pdf,20033746,20033746.pdf,2026,geometry_v8,3,1,1,1,,,,2026-08-25T19:59:16
2026/20033747.pdf,20033747,20033747.pdf,2026,geometry_v8,5,2,1,1,,,,2026-08-25T19:59:16
2026/20033751.pdf,20033751,20033751.pdf,2026,geometry_v8,2,1,1,1,,,,2026-08-25T19:59:17
2026/20033754.pdf,20033754,20033754.pdf,2026,geometry_v8,5,2,1,1,,,,2026-08-25T19:59:17
2026/20033755.pdf,20033755,20033755.pdf,2026,geometry_v8,1,1,1,1,,,,2026-08-25T19:59:17
2026/20033756.pdf,20033756,20033756.pdf,2026,geometry_v8,9,2,2,2,,,,2026-08-25T19:59:17
2026/20033758.pdf,20033758,20033758.pdf,2026,geometry_v8,1,1,1,1,,,,2026-08-25T19:59:17
2026/20033759.pdf,20033759,20033759.pdf,2026,geometry_v8,1,1,1,1,,,,2026-08-25T19:59:20
2026/20033760.pdf,20033760,20033760.pdf,2026,geometry_v8,8,2,2,2,,,,2026-08-25T19:59:20
2026/20033762.pdf,20033762,20033762.pdf,2026,geometry_v8,121,15,14,14,,,,2026-08-25T19:59:28
2026/20033763.pdf,20033763,20033763.pdf,2026,geometry_v8,1,1,1,1,,,,2026-08-25T19:59:28
2026/20033766.pdf,20033766,20033766.pdf,2026,geometry_v8,1,1,1,1,,,,2026-08-25T19:59:28
2026/20033779.pdf,20033779,20033779.pdf,2026,geometry_v8,4,2,1,1,,,,2026-08-25T19:59:28
2026/20033780.pdf,20033780,20033780.pdf,2026,geometry_v8,1,1,1,1,,,,2026-08-25T19:59:29
2026/20033783.pdf,20033783,20033783.pdf,2026,geometry_v8,4,2,1,1,,,,2026-08-25T19:59:29
2026/20033789.pdf,20033789,20033789.pdf,2026,geometry_v8,62,8,8,8,,,,2026-08-25T19:59:32
2026/20033800.pdf,20033800,20033800.pdf,2026,geometry_v8,19,4,3,3,,,,2026-08-25T19:59:33
2026/20033803.pdf,20033803,20033803.pdf,2026,geometry_v8,1,1,1,1,,,,2026-08-25T19:59:38
2026/20033804.pdf,20033804,20033804.pdf,2026,geometry_v8,2,1,1,1,,,,2026-08-25T19:59:38
2026/20033813.pdf,20033813,20033813.pdf,2026,geometry_v8,2,1,1,1,,,,2026-08-25T19:59:38
2026/20033814.pdf,20033814,20033814.pdf,2026,geometry_v8,6,2,2,2,,,,2026-08-25T19:59:39
2026/20033815.pdf,20033815,20033815.pdf,2026,geometry_v8,6,2,1,1,,,,2026-08-25T19:59:39
2026/20033821.pdf,20033821,20033821.pdf,2026,geometry_v8,4,2,1,1,,,,2026-08-25T19:59:39
2026/20033829.pdf,20033829,20033829.pdf,2026,geometry_v8,1,1,1,1,,,,2026-08-25T19:59:40
2026/20033830.pdf,20033830,20033830.pdf,2026,geometry_v8,4,2,1,1,,,,2026-08-25T19:59:40
2026/20033835.pdf,20033835,20033835.pdf,2026,geometry_v8,15,2,2,2,,,,2026-08-25T19:59:41
2026/20033840.pdf,20033840,20033840.pdf,2026,geometry_v8,2,1,1,1,,,,2026-08-25T19:59:41
2026/20033845.pdf,20033845,20033845.pdf,2026,geometry_v8,9,2,2,2,,,,2026-08-25T19:59:43
2026/20033856.pdf,20033856,20033856.pdf,2026,geometry_v8,4,1,1,1,,,,2026-08-25T19:59:44
2026/20033857.pdf,20033857,20033857.pdf,2026,geometry_v8,1,1,1,1,,,,2026-08-25T19:59:44
2026/20033858.pdf,20033858,20033858.pdf,2026,geometry_v8,6,2,2,2,,,,2026-08-25T19:59:44
2026/20033881.pdf,20033881,20033881.pdf,2026,geometry_v8,2,1,1,1,,,,2026-08-25T19:59:44
2026/20033889.pdf,20033889,20033889.pdf,2026,geometry_v8,1,1,1,1,,,,2026-08-25T19:59:44
2026/20033903.pdf,20033903,20033903.pdf,2026,geometry_v8,4,2,1,1,,,,2026-08-25T19:59:44
2026/20033910.pdf,20033910,20033910.pdf,2026,geometry_v8,2,1,1,1,,,,2026-08-25T19:59:45
2026/20033916.pdf,20033916,20033916.pdf,2026,geometry_v8,32,5,4,4,,,,2026-08-25T19:59:46
2026/20033918.pdf,20033918,20033918.pdf,2026,geometry_v8,4,2,1,1,,,,2026-08-25T19:59:46
2026/20033920.pdf,20033920,20033920.pdf,2026,geometry_v8,2,1,1,1,,,,2026-08-25T19:59:49
2026/20033921.pdf,20033921,20033921.pdf,2026,geometry_v8,15,2,2,2,,,,2026-08-25T19:59:49
2026/20033927.pdf,20033927,20033927.pdf,2026,geometry_v8,26,5,4,4,,,,2026-08-25T19:59:53
2026/20033928.pdf,20033928,20033928.pdf,2026,geometry_v8,5,2,1,1,,,,2026-08-25T19:59:54
2026/20033929.pdf,20033929,20033929.pdf,2026,geometry_v8,10,2,2,2,,,,2026-08-25T19:59:54
2026/20033930.pdf,20033930,20033930.pdf,2026,geometry_v8,6,2,1,1,,,,2026-08-25T19:59:55
2026/20033944.pdf,20033944,20033944.pdf,2026,geometry_v8,4,2,1,1,,,,2026-08-25T19:59:55
2026/20033945.pdf,20033945,20033945.pdf,2026,geometry_v8,4,2,1,1,,,,2026-08-25T19:59:55
2026/20033946.pdf,20033946,20033946.pdf,2026,geometry_v8,2,1,1,1,,,,2026-08-25T19:59:55
2026/20033947.pdf,20033947,20033947.pdf,2026,geometry_v8,2,1,1,1,,,,2026-08-25T19:59:55
2026/20033956.pdf,20033956,20033956.pdf,2026,geometry_v8,4,2,1,1,,,,2026-08-25T19:59:58
2026/20033964.pdf,20033964,20033964.pdf,2026,geometry_v8,1,1,1,1,,,,2026-08-25T19:59:58
2026/20033981.pdf,20033981,20033981.pdf,2026,geometry_v8,5,2,1,1,,,,2026-08-25T19:59:58
2026/20033983.pdf,20033983,20033983.pdf,2026,geometry_v8,151,18,18,18,,,,2026-08-25T20:00:07
2026/20033989.pdf,20033989,20033989.pdf,2026,geometry_v8,1,1,1,1,,,,2026-08-25T20:00:07
2026/20033991.pdf,20033991,20033991.pdf,2026,geometry_v8,2,1,1,1,,,,2026-08-25T20:00:07
2026/20033993.pdf,20033993,20033993.pdf,2026,geometry_v8,25,4,4,4,,,,2026-08-25T20:00:09
2026/20034010.pdf,20034010,20034010.pdf,2026,geometry_v8,3,2,1,1,,,,2026-08-25T20:00:09
2026/20034012.pdf,20034012,20034012.pdf,2026,geometry_v8,1,1,1,1,,,,2026-08-25T20:00:09
2026/20034013.pdf,20034013,20034013.pdf,2026,geometry_v8,1,1,1,1,,,,2026-08-25T20:00:09
2026/20034016.pdf,20034016,20034016.pdf,2026,geometry_v8,2,1,1,1,,,,2026-08-25T20:00:14
2026/20034018.pdf,20034018,20034018.pdf,2026,geometry_v8,6,2,1,1,,,,2026-08-25T20:00:14
2026/20034024.pdf,20034024,20034024.pdf,2026,geometry_v8,1,1,1,1,,,,2026-08-25T20:00:14
2026/20034025.pdf,20034025,20034025.pdf,2026,geometry_v8,6,2,1,1,,,,2026-08-25T20:00:15
2026/20034034.pdf,20034034,20034034.pdf,2026,geometry_v8,8,2,2,2,,,,2026-08-25T20:00:15
2026/20034035.pdf,20034035,20034035.pdf,2026,geometry_v8,1,1,1,1,,,,2026-08-25T20:00:15
2026/20034036.pdf,20034036,20034036.pdf,2026,geometry_v8,8,2,2,2,,,,2026-08-25T20:00:15
2026/20034044.pdf,20034044,20034044.pdf,2026,geometry_v8,2,2,1,1,,,,2026-08-25T20:00:16
2026/20034050.pdf,20034050,20034050.pdf,2026,geometry_v8,3,2,1,1,,,,2026-08-25T20:00:16
2026/20034054.pdf,20034054,20034054.pdf,2026,geometry_v8,1,1,1,1,,,,2026-08-25T20:00:16
2026/20034056.pdf,20034056,20034056.pdf,2026,geometry_v8,2,1,1,1,,,,2026-08-25T20:00:18
2026/20034068.pdf,20034068,20034068.pdf,2026,geometry_v8,2,1,1,1,,,,2026-08-25T20:00:19
2026/20034082.pdf,20034082,20034082.pdf,2026,geometry_v8,2,1,1,1,,,,2026-08-25T20:00:19
2026/20034084.pdf,20034084,20034084.pdf,2026,geometry_v8,5,2,2,2,,,,2026-08-25T20:00:19
2026/20034085.pdf,20034085,20034085.pdf,2026,geometry_v8,1,1,1,1,,,,2026-08-25T20:00:19
2026/20034095.pdf,20034095,20034095.pdf,2026,geometry_v8,1,1,1,1,,,,2026-08-25T20:00:19
2026/20034099.pdf,20034099,20034099.pdf,2026,geometry_v8,7,2,2,2,2,,,2026-08-25T20:00:20
2026/20034102.pdf,20034102,20034102.pdf,2026,geometry_v8,1,1,1,1,,,,2026-08-25T20:00:20
2026/20034105.pdf,20034105,20034105.pdf,2026,geometry_v8,2,1,1,1,,,,2026-08-25T20:00:21
2026/20034106.pdf,20034106,20034106.pdf,2026,geometry_v8,33,5,4,4,,,,2026-08-25T20:00:23
2026/20034113.pdf,20034113,20034113.pdf,2026,geometry_v8,14,3,2,2,,,,2026-08-25T20:00:27
2026/20034114.pdf,20034114,20034114.pdf,2026,geometry_v8,2,2,1,1,,,,2026-08-25T20:00:27
2026/20034119.pdf,20034119,20034119.pdf,2026,geometry_v8,1,1,1,1,,,,2026-08-25T20:00:27
2026/20034123.pdf,20034123,20034123.pdf,2026,geometry_v8,1,1,1,1,,,,2026-08-25T20:00:27
2026/20034128.pdf,20034128,20034128.pdf,2026,geometry_v8,1,1,1,1,,,,2026-08-25T20:00:27
2026/20034129.pdf,20034129,20034129.pdf,2026,geometry_v8,3,2,1,1,,,,2026-08-25T20:00:27
2026/20034130.pdf,20034130,20034130.pdf,2026,geometry_v8,16,3,3,3,,,,2026-08-25T20:00:28
2026/20034132.pdf,20034132,20034132.pdf,2026,geometry_v8,1,1,1,1,,,,2026-08-25T20:00:28
2026/20034133.pdf,20034133,20034133.pdf,2026,geometry_v8,5,2,1,1,,,,2026-08-25T20:00:28
2026/20034134.pdf,20034134,20034134.pdf,2026,geometry_v8,8,2,2,2,,,,2026-08-25T20:00:29
2026/20034138.pdf,20034138,20034138.pdf,2026,geometry_v8,28,4,4,4,,,,2026-08-25T20:00:35
2026/20034144.pdf,20034144,20034144.pdf,2026,geometry_v8,85,11,10,10,,,,2026-08-25T20:00:40
2026/20034155.pdf,20034155,20034155.pdf,2026,geometry_v8,1,1,1,1,,,,2026-08-25T20:00:40
2026/20034156.pdf,20034156,20034156.pdf,2026,geometry_v8,6,2,2,2,,,,2026-08-25T20:00:41
2026/20034158.pdf,20034158,20034158.pdf,2026,geometry_v8,1,1,1,1,,,,2026-08-25T20:00:41
2026/20034159.pdf,20034159,20034159.pdf,2026,geometry_v8,45,5,5,5,,,,2026-08-25T20:00:43
2026/20034160.pdf,20034160,20034160.pdf,2026,geometry_v8,1,1,1,1,,,,2026-08-25T20:00:43
2026/20034167.pdf,20034167,20034167.pdf,2026,geometry_v8,1,1,1,1,,,,2026-08-25T20:00:43
2026/20034168.pdf,20034168,20034168.pdf,2026,geometry_v8,3,2,1,1,,,,2026-08-25T20:00:43
2026/20034176.pdf,20034176,20034176.pdf,2026,geometry_v8,1,1,1,1,,,,2026-08-25T20:00:43
2026/20034177.pdf,20034177,20034177.pdf,2026,geometry_v8,3,2,1,1,,,,2026-08-25T20:00:46
2026/20034178.pdf,20034178,20034178.pdf,2026,geometry_v8,4,2,1,1,,,,2026-08-25T20:00:46
2026/20034179.pdf,20034179,20034179.pdf,2026,geometry_v8,2,1,1,1,,,,2026-08-25T20:00:46
2026/20034188.pdf,20034188,20034188.pdf,2026,geometry_v8,6,2,1,1,,,,2026-08-25T20:00:47
2026/20034190.pdf,20034190,20034190.pdf,2026,geometry_v8,6,2,2,2,,,,2026-08-25T20:00:47
2026/20034195.pdf,20034195,20034195.pdf,2026,geometry_v8,8,2,2,2,,,,2026-08-25T20:00:47
2026/20034201.pdf,20034201,20034201.pdf,2026,geometry_v8,9,3,3,3,2,,,2026-08-25T20:00:48
2026/20034202.pdf,20034202,20034202.pdf,2026,geometry_v8,2,2,1,1,,,,2026-08-25T20:00:49
2026/20034207.pdf,20034207,20034207.pdf,2026,geometry_v8,11,2,2,2,,,,2026-08-25T20:00:49
2026/20034213.pdf,20034213,20034213.pdf,2026,geometry_v8,10,2,2,2,,,,2026-08-25T20:00:50
2026/20034217.pdf,20034217,20034217.pdf,2026,geometry_v8,9,2,2,2,,,,2026-08-25T20:00:55
2026/20034221.pdf,20034221,20034221.pdf,2026,geometry_v8,7,2,2,2,,,,2026-08-25T20:00:56
2026/20034223.pdf,20034223,20034223.pdf,2026,geometry_v8,1,1,1,1,,,,2026-08-25T20:00:56
2026/20034224.pdf,20034224,20034224.pdf,2026,geometry_v8,1,1,1,1,,,,2026-08-25T20:00:56
2026/20034247.pdf,20034247,20034247.pdf,2026,geometry_v8,6,2,2,2,,,,2026-08-25T20:00:56
2026/20034262.pdf,20034262,20034262.pdf,2026,geometry_v8,16,3,3,3,,,,2026-08-25T20:00:57
2026/20034274.pdf,20034274,20034274.pdf,2026,geometry_v8,50,7,6,6,,,,2026-08-25T20:00:59
2026/20034280.pdf,20034280,20034280.pdf,2026,geometry_v8,2,1,1,1,,,,2026-08-25T20:01:00
2026/20034285.pdf,20034285,20034285.pdf,2026,geometry_v8,139,17,16,16,16,,,2026-08-25T20:01:08
2026/20034292.pdf,20034292,20034292.pdf,2026,geometry_v8,4,2,1,1,,,,2026-08-25T20:01:09
2026/20034295.pdf,20034295,20034295.pdf,2026,geometry_v8,1,1,1,1,,,,2026-08-25T20:01:11
2026/20034297.pdf,20034297,20034297.pdf,2026,geometry_v8,6,2,1,1,,,,2026-08-25T20:01:11
2026/20034298.pdf,20034298,20034298.pdf,2026,geometry_v8,1,1,1,1,,,,2026-08-25T20:01:11
2026/20034299.pdf,20034299,20034299.pdf,2026,geometry_v8,27,3,3,3,,,,2026-08-25T20:01:13
2026/20034300.pdf,20034300,20034300.pdf,2026,geometry_v8,7,2,2,2,,,,2026-08-25T20:01:13
2026/20034301.pdf,20034301,20034301.pdf,2026,geometry_v8,4,2,1,1,,,,2026-08-25T20:01:13
2026/20034302.pdf,20034302,20034302.pdf,2026,geometry_v8,2,1,1,1,,,,2026-08-25T20:01:13
2026/20034305.pdf,20034305,20034305.pdf,2026,geometry_v8,18,3,3,3,,,,2026-08-25T20:01:14
2026/20034307.pdf,20034307,20034307.pdf,2026,geometry_v8,1,1,1,1,,,,2026-08-25T20:01:14
2026/20034311.pdf,20034311,20034311.pdf,2026,geometry_v8,1,1,1,1,,,,2026-08-25T20:01:14
2026/20034315.pdf,20034315,20034315.pdf,2026,geometry_v8,1,1,1,1,,,,2026-08-25T20:01:19
2026/20034327.pdf,20034327,20034327.pdf,2026,geometry_v8,8,2,2,2,,,,2026-08-25T20:01:19
2026/20034342.pdf,20034342,20034342.pdf,2026,geometry_v8,10,2,2,2,,,,2026-08-25T20:01:20
2026/20034345.pdf,20034345,20034345.pdf,2026,geometry_v8,2,1,1,1,,,,2026-08-25T20:01:20
2026/20034346.pdf,20034346,20034346.pdf,2026,geometry_v8,4,2,1,1,,,,2026-08-25T20:01:21
2026/20034348.pdf,20034348,20034348.pdf,2026,geometry_v8,6,2,2,2,,,,2026-08-25T20:01:21
2026/20034351.pdf,20034351,20034351.pdf,2026,geometry_v8,11,3,2,2,,,,2026-08-25T20:01:22
2026/20034355.pdf,20034355,20034355.pdf,2026,geometry_v8,1,1,1,1,,,,2026-08-25T20:01:22
2026/20034357.pdf,20034357,20034357.pdf,2026,geometry_v8,1,1,1,1,,,,2026-08-25T20:01:22
2026/20034359.pdf,20034359,20034359.pdf,2026,geometry_v8,1,1,1,1,,,,2026-08-25T20:01:23
2026/20034368.pdf,20034368,20034368.pdf,2026,geometry_v8,1,1,1,1,,,,2026-08-25T20:01:25
2026/20034375.pdf,20034375,20034375.pdf,2026,geometry_v8,1,1,1,1,,,,2026-08-25T20:01:25
2026/20034379.pdf,20034379,20034379.pdf,2026,geometry_v8,1,1,1,1,,,,2026-08-25T20:01:25
2026/20034384.pdf,20034384,20034384.pdf,2026,geometry_v8,2,1,1,1,,,,2026-08-25T20:01:25
2026/20034400.pdf,20034400,20034400.pdf,2026,geometry_v8,2,1,1,1,,,,2026-08-25T20:01:26
2026/20034401.pdf,20034401,20034401.pdf,2026,geometry_v8,1,1,1,1,,,,2026-08-25T20:01:26
2026/20034413.pdf,20034413,20034413.pdf,2026,geometry_v8,11,3,2,2,,,,2026-08-25T20:01:26
2026/20034414.pdf,20034414,20034414.pdf,2026,geometry_v8,10,2,2,2,,,,2026-08-25T20:01:27
2026/20034416.pdf,20034416,20034416.pdf,2026,geometry_v8,2,2,1,1,,,,2026-08-25T20:01:27
2026/20034417.pdf,20034417,20034417.pdf,2026,geometry_v8,8,2,2,2,,,,2026-08-25T20:01:27
2026/20034419.pdf,20034419,20034419.pdf,2026,geometry_v8,3,2,1,1,,,,2026-08-25T20:01:30
2026/20034424.pdf,20034424,20034424.pdf,2026,geometry_v8,4,1,1,1,,,,2026-08-25T20:01:30
2026/20034452.pdf,20034452,20034452.pdf,2026,geometry_v8,1,1,1,1,,,,2026-08-25T20:01:30
2026/20034461.pdf,20034461,20034461.pdf,2026,geometry_v8,1,1,1,1,,,,2026-08-25T20:01:30
2026/20034462.pdf,20034462,20034462.pdf,2026,geometry_v8,3,2,1,1,,,,2026-08-25T20:01:30
2026/20034466.pdf,20034466,20034466.pdf,2026,geometry_v8,1,1,1,1,,,,2026-08-25T20:01:30
2026/20034473.pdf,20034473,20034473.pdf,2026,geometry_v8,7,2,2,2,,,,2026-08-25T20:01:31
2026/20034478.pdf,20034478,20034478.pdf,2026,geometry_v8,8,2,2,2,,,,2026-08-25T20:01:31
2026/20034479.pdf,20034479,20034479.pdf,2026,geometry_v8,12,3,2,2,,,,2026-08-25T20:01:33
2026/20034486.pdf,20034486,20034486.pdf,2026,geometry_v8,1,1,1,1,,,,2026-08-25T20:01:34
2026/20034487.pdf,20034487,20034487.pdf,2026,geometry_v8,24,3,3,3,,,,2026-08-25T20:01:38
2026/20034489.pdf,20034489,20034489.pdf,2026,geometry_v8,10,2,2,2,,,,2026-08-25T20:01:39
2026/20034496.pdf,20034496,20034496.pdf,2026,geometry_v8,4,2,1,1,,,,2026-08-25T20:01:39
2026/20034498.pdf,20034498,20034498.pdf,2026,geometry_v8,2,1,1,1,,,,2026-08-25T20:01:39
2026/20034499.pdf,20034499,20034499.pdf,2026,geometry_v8,1,1,1,1,,,,2026-08-25T20:01:39
2026/20034500.pdf,20034500,20034500.pdf,2026,geometry_v8,94,12,11,11,,,,2026-08-25T20:01:44
2026/20034502.pdf,20034502,20034502.pdf,2026,geometry_v8,1,1,1,1,,,,2026-08-25T20:01:44
2026/20034503.pdf,20034503,20034503.pdf,2026,geometry_v8,3,2,1,1,,,,2026-08-25T20:01:44
2026/20034519.pdf,20034519,20034519.pdf,2026,geometry_v8,5,2,1,1,,,,2026-08-25T20:01:44
2026/20034520.pdf,20034520,20034520.pdf,2026,geometry_v8,1,1,1,1,,,,2026-08-25T20:01:44
2026/20034521.pdf,20034521,20034521.pdf,2026,geometry_v8,3,2,1,1,,,,2026-08-25T20:01:47
2026/20034522.pdf,20034522,20034522.pdf,2026,geometry_v8,12,3,2,2,,,,2026-08-25T20:01:48
2026/20034524.pdf,20034524,20034524.pdf,2026,geometry_v8,1,1,1,1,,,,2026-08-25T20:01:48
2026/20034528.pdf,20034528,20034528.pdf,2026,geometry_v8,1,1,1,1,,,,2026-08-25T20:01:48
2026/20034542.pdf,20034542,20034542.pdf,2026,geometry_v8,1,1,1,1,,,,2026-08-25T20:01:48
2026/20034547.pdf,20034547,20034547.pdf,2026,geometry_v8,1,1,1,1,,,,2026-08-25T20:01:48
2026/20034552.pdf,20034552,20034552.pdf,2026,geometry_v8,1,1,1,1,,,,2026-08-25T20:01:49
2026/20034556.pdf,20034556,20034556.pdf,2026,geometry_v8,5,2,1,1,,,,2026-08-25T20:01:49
2026/20034562.pdf,20034562,20034562.pdf,2026,geometry_v8,1,1,1,1,,,,2026-08-25T20:01:49
2026/20034563.pdf,20034563,20034563.pdf,2026,geometry_v8,2,2,1,1,,,,2026-08-25T20:01:49
2026/20034579.pdf,20034579,20034579.pdf,2026,geometry_v8,40,5,4,4,,,,2026-08-25T20:01:56
2026/20034581.pdf,20034581,20034581.pdf,2026,geometry_v8,1,1,1,1,,,,2026-08-25T20:01:56
2026/20034585.pdf,20034585,20034585.pdf,2026,geometry_v8,26,4,4,4,4,,,2026-08-25T20:01:57
2026/20034587.pdf,20034587,20034587.pdf,2026,geometry_v8,3,1,1,1,,,,2026-08-25T20:01:57
2026/20034589.pdf,20034589,20034589.pdf,2026,geometry_v8,1,1,1,1,,,,2026-08-25T20:01:57
2026/20034591.pdf,20034591,20034591.pdf,2026,geometry_v8,1,1,1,1,,,,2026-08-25T20:01:57
2026/20034607.pdf,20034607,20034607.pdf,2026,geometry_v8,1,1,1,1,,,,2026-08-25T20:01:57
2026/20034615.pdf,20034615,20034615.pdf,2026,geometry_v8,2,1,1,1,,,,2026-08-25T20:01:58
2026/20034616.pdf,20034616,20034616.pdf,2026,geometry_v8,5,2,1,1,,,,2026-08-25T20:01:58
2026/20034622.pdf,20034622,20034622.pdf,2026,geometry_v8,2,1,1,1,,,,2026-08-25T20:01:58
2026/20034650.pdf,20034650,20034650.pdf,2026,geometry_v8,12,3,2,2,,,,2026-08-25T20:02:01
2026/20034651.pdf,20034651,20034651.pdf,2026,geometry_v8,2,1,1,1,,,,2026-08-25T20:02:01
2026/20034653.pdf,20034653,20034653.pdf,2026,geometry_v8,2,1,1,1,,,,2026-08-25T20:02:01
2026/20034660.pdf,20034660,20034660.pdf,2026,geometry_v8,16,3,2,2,,,,2026-08-25T20:02:03
2026/20034668.pdf,20034668,20034668.pdf,2026,geometry_v8,1,1,1,1,,,,2026-08-25T20:02:03
2026/20034670.pdf,20034670,20034670.pdf,2026,geometry_v8,1,1,1,1,,,,2026-08-25T20:02:03
2026/20034688.pdf,20034688,20034688.pdf,2026,geometry_v8,1,1,1,1,,,,2026-08-25T20:02:03
2026/20034693.pdf,20034693,20034693.pdf,2026,geometry_v8,20,4,3,3,,,,2026-08-25T20:02:05
2026/20034694.pdf,20034694,20034694.pdf,2026,geometry_v8,6,2,2,2,,,,2026-08-25T20:02:05
2026/20034695.pdf,20034695,20034695.pdf,2026,geometry_v8,5,2,1,1,,,,2026-08-25T20:02:06
2026/20034702.pdf,20034702,20034702.pdf,2026,geometry_v8,1,1,1,1,,,,2026-08-25T20:02:10
2026/20034706.pdf,20034706,20034706.pdf,2026,geometry_v8,2,1,1,1,,,,2026-08-25T20:02:11
2026/20034709.pdf,20034709,20034709.pdf,2026,geometry_v8,14,3,2,2,,,,2026-08-25T20:02:11
2026/20034712.pdf,20034712,20034712.pdf,2026,geometry_v8,1,1,1,1,,,,2026-08-25T20:02:11
2026/20034713.pdf,20034713,20034713.pdf,2026,geometry_v8,103,13,12,12,8,,,2026-08-25T20:02:16
2026/20034717.pdf,20034717,20034717.pdf,2026,geometry_v8,1,1,1,1,,,,2026-08-25T20:02:16
2026/20034718.pdf,20034718,20034718.pdf,2026,geometry_v8,53,6,6,6,,,,2026-08-25T20:02:21
2026/20034721.pdf,20034721,20034721.pdf,2026,geometry_v8,2,1,1,1,,,,2026-08-25T20:02:21
2026/20034726.pdf,20034726,20034726.pdf,2026,geometry_v8,1,1,1,1,,,,2026-08-25T20:02:21
2026/20034727.pdf,20034727,20034727.pdf,2026,geometry_v8,1,1,1,1,,,,2026-08-25T20:02:21
2026/20034736.pdf,20034736,20034736.pdf,2026,geometry_v8,1,1,1,1,,,,2026-08-25T20:02:24
2026/20034740.pdf,20034740,20034740.pdf,2026,geometry_v8,4,2,1,1,,,,2026-08-25T20:02:24
2026/20034747.pdf,20034747,20034747.pdf,2026,geometry_v8,1,1,1,1,,,,2026-08-25T20:02:24
2026/20034748.pdf,20034748,20034748.pdf,2026,geometry_v8,2,1,1,1,,,,2026-08-25T20:02:24
2026/20034749.pdf,20034749,20034749.pdf,2026,geometry_v8,4,2,1,1,,,,2026-08-25T20:02:24
2026/20034762.pdf,20034762,20034762.pdf,2026,geometry_v8,1,1,1,1,,,,2026-08-25T20:02:24
2026/20034767.pdf,20034767,20034767.pdf,2026,geometry_v8,3,2,1,1,,,,2026-08-25T20:02:25
2026/20034774.pdf,20034774,20034774.pdf,2026,geometry_v8,2,1,1,1,,,,2026-08-25T20:02:25
2026/20034780.pdf,20034780,20034780.pdf,2026,geometry_v8,7,2,2,2,,,,2026-08-25T20:02:25
2026/20034783.pdf,20034783,20034783.pdf,2026,geometry_v8,5,2,1,1,,,,2026-08-25T20:02:25
2026/20034784.pdf,20034784,20034784.pdf,2026,geometry_v8,30,4,4,4,,,,2026-08-25T20:02:31
2026/20034790.pdf,20034790,20034790.pdf,2026,geometry_v8,2,1,1,1,,,,2026-08-25T20:02:31
2026/20034796.pdf,20034796,20034796.pdf,2026,geometry_v8,1,1,1,1,,,,2026-08-25T20:02:31
2026/20034800.pdf,20034800,20034800.pdf,2026,geometry_v8,4,2,1,1,,,,2026-08-25T20:02:31
2026/20034806.pdf,20034806,20034806.pdf,2026,geometry_v8,1,1,1,1,,,,2026-08-25T20:02:32
2026/20034807.pdf,20034807,20034807.pdf,2026,geometry_v8,13,3,2,2,,,,2026-08-25T20:02:33
2026/20034815.pdf,20034815,20034815.pdf,2026,geometry_v8,3,2,1,1,,,,2026-08-25T20:02:33
2026/20034836.pdf,20034836,20034836.pdf,2026,geometry_v8,2,1,1,1,,,,2026-08-25T20:02:33
2026/20034851.pdf,20034851,20034851.pdf,2026,geometry_v8,2,1,1,1,,,,2026-08-25T20:02:33
2026/20034869.pdf,20034869,20034869.pdf,2026,geometry_v8,2,2,1,1,,,,2026-08-25T20:02:34
2026/20034891.pdf,20034891,20034891.pdf,2026,geometry_v8,1,1,1,1,,,,2026-08-25T20:02:37
2026/20034892.pdf,20034892,20034892.pdf,2026,geometry_v8,8,2,2,2,,,,2026-08-25T20:02:37
2026/20034894.pdf,20034894,20034894.pdf,2026,geometry_v8,3,2,1,1,,,,2026-08-25T20:02:37
2026/20034895.pdf,20034895,20034895.pdf,2026,geometry_v8,3,1,1,1,,,,2026-08-25T20:02:37
2026/20034897.pdf,20034897,20034897.pdf,2026,geometry_v8,2,1,1,1,,,,2026-08-25T20:02:38
2026/20034898.pdf,20034898,20034898.pdf,2026,geometry_v8,2,1,1,1,,,,2026-08-25T20:02:38
2026/20034906.pdf,20034906,20034906.pdf,2026,geometry_v8,66,9,8,8,,,,2026-08-25T20:02:41
2026/20034908.pdf,20034908,20034908.pdf,2026,geometry_v8,3,2,1,1,,,,2026-08-25T20:02:41
2026/20034911.pdf,20034911,20034911.pdf,2026,geometry_v8,13,3,2,2,,,,2026-08-25T20:02:42
2026/20034915.pdf,20034915,20034915.pdf,2026,geometry_v8,2,1,1,1,,,,2026-08-25T20:02:42
2026/20034916.pdf,20034916,20034916.pdf,2026,geometry_v8,1,1,1,1,,,,2026-08-25T20:02:47
2026/20034920.pdf,20034920,20034920.pdf,2026,geometry_v8,1,1,1,1,,,,2026-08-25T20:02:47
2026/20034923.pdf,20034923,20034923.pdf,2026,geometry_v8,4,2,1,1,,,,2026-08-25T20:02:48
2026/20034928.pdf,20034928,20034928.pdf,2026,geometry_v8,10,2,2,2,,,,2026-08-25T20:02:48
2026/20034932.pdf,20034932,20034932.pdf,2026,geometry_v8,19,3,3,3,,,,2026-08-25T20:02:50
2026/20034938.pdf,20034938,20034938.pdf,2026,geometry_v8,7,2,2,2,,,,2026-08-25T20:02:50
2026/20034942.pdf,20034942,20034942.pdf,2026,geometry_v8,2,1,1,1,,,,2026-08-25T20:02:51
2026/20034945.pdf,20034945,20034945.pdf,2026,geometry_v8,1,1,1,1,,,,2026-08-25T20:02:51
2026/20034947.pdf,20034947,20034947.pdf,2026,geometry_v8,1,1,1,1,,,,2026-08-25T20:02:51
2026/20034949.pdf,20034949,20034949.pdf,2026,geometry_v8,1,1,1,1,,,,2026-08-25T20:02:51
2026/20034952.pdf,20034952,20034952.pdf,2026,geometry_v8,1,1,1,1,,,,2026-08-25T20:02:53
2026/20034954.pdf,20034954,20034954.pdf,2026,geometry_v8,16,3,3,3,,,,2026-08-25T20:02:54
2026/20034960.pdf,20034960,20034960.pdf,2026,geometry_v8,2,2,1,1,,,,2026-08-25T20:02:54
2026/20034963.pdf,20034963,20034963.pdf,2026,geometry_v8,16,3,3,3,,,,2026-08-25T20:02:55
2026/20034968.pdf,20034968,20034968.pdf,2026,geometry_v8,6,2,1,1,,,,2026-08-25T20:02:55
2026/20034972.pdf,20034972,20034972.pdf,2026,geometry_v8,1,1,1,1,,,,2026-08-25T20:02:55
2026/20034977.pdf,20034977,20034977.pdf,2026,geometry_v8,4,2,1,1,,,,2026-08-25T20:02:56
2026/20034984.pdf,20034984,20034984.pdf,2026,geometry_v8,1,1,1,1,,,,2026-08-25T20:02:56
2026/20034998.pdf,20034998,20034998.pdf,2026,geometry_v8,31,5,4,4,,,,2026-08-25T20:02:57
2026/20034999.pdf,20034999,20034999.pdf,2026,geometry_v8,1,1,1,1,,,,2026-08-25T20:02:57
2026/20035003.pdf,20035003,20035003.pdf,2026,geometry_v8,18,3,3,3,,,,2026-08-25T20:03:00
2026/20035007.pdf,20035007,20035007.pdf,2026,geometry_v8,1,1,1,1,,,,2026-08-25T20:03:01
2026/20035013.pdf,20035013,20035013.pdf,2026,geometry_v8,3,2,1,1,,,,2026-08-25T20:03:01
2026/20035023.pdf,20035023,20035023.pdf,2026,geometry_v8,1,1,1,1,,,,2026-08-25T20:03:01
2026/20035024.pdf,20035024,20035024.pdf,2026,geometry_v8,8,2,2,2,,,,2026-08-25T20:03:02
2026/20035035.pdf,20035035,20035035.pdf,2026,geometry_v8,77,10,9,9,,,,2026-08-25T20:03:08
2026/20035042.pdf,20035042,20035042.pdf,2026,geometry_v8,1,1,1,1,,,,2026-08-25T20:03:08
2026/20035047.pdf,20035047,20035047.pdf,2026,geometry_v8,3,2,1,1,,,,2026-08-25T20:03:09
2026/20035048.pdf,20035048,20035048.pdf,2026,geometry_v8,1,1,1,1,,,,2026-08-25T20:03:09
2026/20035065.pdf,20035065,20035065.pdf,2026,geometry_v8,1,1,1,1,,,,2026-08-25T20:03:09
2026/20035067.pdf,20035067,20035067.pdf,2026,geometry_v8,1,1,1,1,,,,2026-08-25T20:03:11
2026/20035068.pdf,20035068,20035068.pdf,2026,geometry_v8,1,1,1,1,,,,2026-08-25T20:03:11
2026/20035075.pdf,20035075,20035075.pdf,2026,geometry_v8,1,1,1,1,,,,2026-08-25T20:03:12
2026/20035106.pdf,20035106,20035106.pdf,2026,geometry_v8,2,2,1,1,,,,2026-08-25T20:03:12
2026/20035118.pdf,20035118,20035118.pdf,2026,geometry_v8,62,7,7,7,,,,2026-08-25T20:03:15
2026/20035130.pdf,20035130,20035130.pdf,2026,geometry_v8,5,2,1,1,,,,2026-08-25T20:03:15
2026/20035131.pdf,20035131,20035131.pdf,2026,geometry_v8,1,1,1,1,,,,2026-08-25T20:03:15
2026/20035134.pdf,20035134,20035134.pdf,2026,geometry_v8,14,3,2,2,,,,2026-08-25T20:03:16
2026/20035136.pdf,20035136,20035136.pdf,2026,geometry_v8,1,1,1,1,,,,2026-08-25T20:03:16
2026/20035138.pdf,20035138,20035138.pdf,2026,geometry_v8,6,2,1,1,,,,2026-08-25T20:03:17
2026/20035143.pdf,20035143,20035143.pdf,2026,geometry_v8,7,2,2,2,,,,2026-08-25T20:03:20
2026/20035146.pdf,20035146,20035146.pdf,2026,geometry_v8,10,2,2,2,,,,2026-08-25T20:03:21
2026/20035147.pdf,20035147,20035147.pdf,2026,geometry_v8,32,5,4,4,,,,2026-08-25T20:03:22
2026/20035157.pdf,20035157,20035157.pdf,2026,geometry_v8,1,1,1,1,,,,2026-08-25T20:03:23
2026/20035175.pdf,20035175,20035175.pdf,2026,geometry_v8,1,1,1,1,,,,2026-08-25T20:03:23
2026/20035180.pdf,20035180,20035180.pdf,2026,geometry_v8,4,2,1,1,,,,2026-08-25T20:03:23
2026/20035183.pdf,20035183,20035183.pdf,2026,geometry_v8,1,1,1,1,,,,2026-08-25T20:03:23
2026/20035186.pdf,20035186,20035186.pdf,2026,geometry_v8,13,3,2,2,,,,2026-08-25T20:03:25
2026/20035190.pdf,20035190,20035190.pdf,2026,geometry_v8,66,9,8,8,,,,2026-09-08T17:23:38
2026/20035191.pdf,20035191,20035191.pdf,2026,geometry_v8,15,3,2,2,,,,2026-08-25T20:03:26
2026/20035196.pdf,20035196,20035196.pdf,2026,geometry_v8,2,1,1,1,,,,2026-08-25T20:03:26
2026/20035203.pdf,20035203,20035203.pdf,2026,geometry_v8,5,2,1,1,,,,2026-08-25T20:03:29
2026/20035204.pdf,20035204,20035204.pdf,2026,geometry_v8,26,4,4,4,,,,2026-08-25T20:03:31
2026/20035209.pdf,20035209,20035209.pdf,2026,geometry_v8,1,1,1,1,,,,2026-08-25T20:03:31
2026/20035216.pdf,20035216,20035216.pdf,2026,geometry_v8,1,1,1,1,,,,2026-08-25T20:03:31
2026/20035235.pdf,20035235,20035235.pdf,2026,geometry_v8,2,1,1,1,,,,2026-08-25T20:03:31
2026/20035243.pdf,20035243,20035243.pdf,2026,geometry_v8,3,2,1,1,,,,2026-09-06T02:31:29
2026/20035244.pdf,20035244,20035244.pdf,2026,geometry_v8,7,2,2,2,,,,2026-09-06T02:31:29
2026/20035260.pdf,20035260,20035260.pdf,2026,geometry_v8,3,2,1,1,,,,2026-08-25T20:03:32
2026/20035273.pdf,20035273,20035273.pdf,2026,geometry_v8,6,2,1,1,,,,2026-08-25T20:03:32
2026/20035274.pdf,20035274,20035274.pdf,2026,geometry_v8,3,1,1,1,,,,2026-08-25T20:03:32
2026/20035275.pdf,20035275,20035275.pdf,2026,geometry_v8,1,1,1,1,,,,2026-08-25T20:03:33
2026/20035289.pdf,20035289,20035289.pdf,2026,geometry_v8,5,2,1,1,,,,2026-08-25T20:03:33
2026/20035291.pdf,20035291,20035291.pdf,2026,geometry_v8,1,1,1,1,,,,2026-08-25T20:03:36
2026/20035293.pdf,20035293,20035293.pdf,2026,geometry_v8,1,1,1,1,,,,2026-09-06T02:31:29
2026/20035309.pdf,20035309,20035309.pdf,2026,geometry_v8,1,1,1,1,,,,2026-09-06T02:31:29
2026/20035326.pdf,20035326,20035326.pdf,2026,geometry_v8,29,4,4,4,,,,2026-09-06T02:31:30
2026/20035345.pdf,20035345,20035345.pdf,2026,geometry_v8,1,1,1,1,,,,2026-09-06T02:31:30
2026/20035349.pdf,20035349,20035349.pdf,2026,geometry_v8,3,2,1,1,,,,2026-09-06T02:31:30
2026/20035350.pdf,20035350,20035350.pdf,2026,geometry_v8,2,1,1,1,,,,2026-09-06T02:31:30
2026/20035365.pdf,20035365,20035365.pdf,2026,geometry_v8,2,1,1,1,,,,2026-09-06T02:31:30
2026/20035367.pdf,20035367,20035367.pdf,2026,geometry_v8,2,1,1,1,,,,2026-09-06T02:31:31
2026/20035370.pdf,20035370,20035370.pdf,2026,geometry_v8,1,1,1,1,,,,2026-09-06T02:31:31
2026/20035390.pdf,20035390,20035390.pdf,2026,geometry_v8,58,8,7,7,,,,2026-09-11T17:06:59
2026/20035392.pdf,20035392,20035392.pdf,2026,geometry_v8,9,2,2,2,,,,2026-09-08T17:23:38
2026/20035400.pdf,20035400,20035400.pdf,2026,geometry_v8,1,1,1,1,,,,2026-09-15T17:44:47
2026/20035401.pdf,20035401,20035401.pdf,2026,geometry_v8,1,1,1,1,,,,2026-09-09T17:14:51
2026/20035403.pdf,20035403,20035403.pdf,2026,geometry_v8,2,1,1,1,,,,2026-09-09T17:14:51
2026/20035408.pdf,20035408,20035408.pdf,2026,geometry_v8,78,8,8,8,4,,,2026-09-10T17:07:01
2026/20035410.pdf,20035410,20035410.pdf,2026,geometry_v8,1,1,1,1,,,,2026-09-10T17:07:01
2026/20035411.pdf,20035411,20035411.pdf,2026,geometry_v8,12,3,2,2,,,,2026-09-10T17:07:01
2026/20035420.pdf,20035420,20035420.pdf,2026,geometry_v8,6,2,1,1,,,,2026-09-16T17:42:17
2026/20035431.pdf,20035431,20035431.pdf,2026,geometry_v8,6,2,1,1,,,,2026-09-14T18:50:15
2026/20035432.pdf,20035432,20035432.pdf,2026,geometry_v8,4,2,1,1,,,,2026-09-15T17:44:47
2026/20035444.pdf,20035444,20035444.pdf,2026,geometry_v8,1,1,1,1,,,,2026-09-14T18:50:15
2026/20035445.pdf,20035445,20035445.pdf,2026,geometry_v8,1,1,1,1,,,,2026-09-14T18:50:15
2026/20035455.pdf,20035455,20035455.pdf,2026,geometry_v8,7,2,2,2,,,,2026-09-15T17:44:47
2026/8221321.pdf,8221321,8221321.pdf,2026,needs_fallback,0,0,0,0,,,,2026-08-25T20:03:36
2026/8221322.pdf,8221322,8221322.pdf,2026,needs_fallback,0,0,0,0,,,,2026-08-25T20:03:36
2026/8221326.pdf,8221326,8221326.pdf,2026,needs_fallback,0,0,0,0,,,,2026-08-25T20:03:36
2026/8221332.pdf,8221332,8221332.pdf,2026,needs_fallback,0,0,0,0,,,,2026-08-25T20:03:36
2026/8221358.pdf,8221358,8221358.pdf,2026,needs_fallback,0,0,0,0,,,,2026-08-25T20:03:36
2026/8221359.pdf,8221359,8221359.pdf,2026,needs_fallback,0,0,0,0,,,,2026-08-25T20:03:36
2026/8221360.pdf,8221360,8221360.pdf,2026,needs_fallback,0,0,0,0,,,,2026-08-25T20:03:36
2026/9115704.pdf,9115704,9115704.pdf,2026,needs_fallback,0,0,0,0,,,,2026-08-25T20:03:36
2026/9115711.pdf,9115711,9115711.pdf,2026,needs_fallback,0,0,0,0,,,,2026-08-25T20:03:36
2026/9115726.pdf,9115726,9115726.pdf,2026,needs_fallback,0,0,0,0,,,,2026-08-25T20:03:40
2026/9115728.pdf,9115728,9115728.pdf,2026,needs_fallback,0,0,0,0,,,,2026-08-25T20:03:40
2026/9115762.pdf,9115762,9115762.pdf,2026,needs_fallback,0,0,0,0,,,,2026-08-25T20:03:40
2026/9115808.pdf,9115808,9115808.pdf,2026,needs_fallback,0,0,0,0,,,,2026-08-25T20:03:40
2026/9115809.pdf,9115809,9115809.pdf,2026,needs_fallback,0,0,0,0,,,,2026-08-25T20:03:40
2026/9115811.pdf,9115811,9115811.pdf,2026,needs_fallback,0,0,0,0,,,,2026-08-25T20:03:40
2026/9115812.pdf,9115812,9115812.pdf,2026,needs_fallback,0,0,0,0,,,,2026-08-25T20:03:40
2026/9115813.pdf,9115813,9115813.pdf,2026,needs_fallback,0,0,0,0,,,,2026-08-25T20:03:40
2026/9115814.pdf,9115814,9115814.pdf,2026,needs_fallback,0,0,0,0,,,,2026-08-25T20:03:40
2026/9115815.pdf,9115815,9115815.pdf,2026,needs_fallback,0,0,0,0,,,,2026-08-25T20:03:40
2026/9115816.pdf,9115816,9115816.pdf,2026,needs_fallback,0,0,0,0,,,,2026-08-25T20:03:43
2026/9115820.pdf,9115820,9115820.pdf,2026,needs_fallback,0,0,0,0,,,,2026-08-25T20:03:43
2026/9115821.pdf,9115821,9115821.pdf,2026,needs_fallback,0,0,0,0,,,,2026-08-25T20:03:43
2026/9115822.pdf,9115822,9115822.pdf,2026,needs_fallback,0,0,0,0,,,,2026-08-25T20:03:43
2026/9115901.pdf,9115901,9115901.pdf,2026,needs_fallback,0,0,0,0,,,,2026-08-25T20:03:43
2026/9116141.pdf,9116141,9116141.pdf,2026,needs_fallback,0,0,0,0,,,,2026-08-25T20:03:43
2026/9116142.pdf,9116142,9116142.pdf,2026,needs_fallback,0,0,0,0,,,,2026-08-25T20:03:43
2026/9116146.pdf,9116146,9116146.pdf,2026,needs_fallback,0,0,0,0,,,,2026-08-25T20:03:43
2026/9116197.pdf,9116197,9116197.pdf,2026,needs_fallback,0,0,0,0,,,,2026-08-25T20:03:43
2026/9116206.pdf,9116206,9116206.pdf,2026,needs_fallback,0,0,0,0,,,,2026-08-25T20:03:43
2026/9116211.pdf,9116211,9116211.pdf,2026,needs_fallback,0,0,0,0,,,,2026-08-25T20:03:49
2026/9116212.pdf,9116212,9116212.pdf,2026,needs_fallback,0,0,0,0,,,,2026-08-25T20:03:49
2026/9116217.pdf,9116217,9116217.pdf,2026,needs_fallback,0,0,0,0,,,,2026-08-25T20:03:49
2026/9116218.pdf,9116218,9116218.pdf,2026,needs_fallback,0,0,0,0,,,,2026-08-25T20:03:49
2026/9116249.pdf,9116249,9116249.pdf,2026,needs_fallback,0,0,0,0,,,,2026-08-25T20:03:49
2026/9116256.pdf,9116256,9116256.pdf,2026,needs_fallback,0,0,0,0,,,,2026-08-25T20:03:49
2026/9116257.pdf,9116257,9116257.pdf,2026,needs_fallback,0,0,0,0,,,,2026-08-25T20:03:49
2026/9116258.pdf,9116258,9116258.pdf,2026,needs_fallback,0,0,0,0,,,,2026-08-25T20:03:49
2026/9116260.pdf,9116260,9116260.pdf,2026,needs_fallback,0,0,0,0,,,,2026-08-25T20:03:49
2026/9116267.pdf,9116267,9116267.pdf,2026,needs_fallback,0,0,0,0,,,,2026-08-25T20:03:49
2026/9116290.pdf,9116290,9116290.pdf,2026,needs_fallback,0,0,0,0,,,,2026-08-25T20:03:51
2026/9116292.pdf,9116292,9116292.pdf,2026,needs_fallback,0,0,0,0,,,,2026-08-25T20:03:51
2026/9116308.pdf,9116308,9116308.pdf,2026,needs_fallback,0,0,0,0,,,,2026-08-25T20:03:51
2026/9116311.pdf,9116311,9116311.pdf,2026,needs_fallback,0,0,0,0,,,,2026-08-25T20:03:51
2026/9116326.pdf,9116326,9116326.pdf,2026,needs_fallback,0,0,0,0,,,,2026-09-08T17:23:38
2026/9116328.pdf,9116328,9116328.pdf,2026,needs_fallback,0,0,0,0,,,,2026-09-08T17:23:38
2026/9116331.pdf,9116331,9116331.pdf,2026,needs_fallback,0,0,0,0,,,,2026-09-16T17:42:17
